user_id,num_topics,tweets_per_day,delta_following_changes,delta_followers_changes,delta_bio_changes,activity_level,kmeans_cluster,pca1,pca2
@MadhusudanAch12,12,21.38888888888889,132,29,-3,high,3,1.8406762642191847,1.7775211943234714
@HopewellGMaria,12,15.86111111111111,22,68,0,high,0,1.2731628208758174,1.7446379571241764
@kinolina,12,1.82089552238806,4,6,0,medium,0,0.7083932801460705,1.0933085205216566
@graham_joa44624,12,20.33333333333333,0,11,0,high,3,1.1809697403870187,2.0961843134508293
@jamesagustusm,12,13.333333333333334,8,27,0,high,0,1.065786245606913,1.6833434328541765
@CuriousCats_US,12,12.8125,0,14,-4,high,0,1.1354061132732733,1.5527114120765282
@chelseyydodd,12,39.333333333333336,-5,-4,0,high,3,1.6181486769872553,3.1509615942353606
@ruedaruntzinc,12,1.1216216216216215,0,-128,0,medium,0,0.37915586013745045,1.2213824748076292
@tultican,12,5.416666666666667,4,12,0,high,0,0.8141764968077494,1.2806681659114851
@Global_NewsWire,12,19.63157894736842,-9,126,4,high,3,1.242899916730605,2.073088944532754
@AmphiVC,12,38.0,0,0,0,high,3,1.6111349619098998,3.064497149880334
@DealMav,12,8.423076923076923,-20,-61,0,high,0,0.6414951668675782,1.5756938485582022
@connorgpt,12,5.371428571428571,0,7,0,high,0,0.7871990622094484,1.2918379686604136
@TOPXNews,12,7.857142857142857,4,21,0,high,0,0.8968758149016122,1.402013817857457
@ThomaMore,12,24.384615384615383,78,28,0,high,3,1.6104415649881052,2.144766974894171
@CharlesBLedford,11,43.0,6,21,0,high,3,1.6831041225148546,3.1285668629672876
@iakashdigital,11,11.058823529411764,715,509,0,high,7,4.555632191754122,-0.5420121727330758
@kozkyle21,11,1.6,-202,-148,78,medium,8,-3.277980826580797,4.088675629498728
@intel_finance,11,14.25925925925926,0,30,0,high,0,0.9414890746050734,1.5753532057297004
@nebel73794,11,1.831460674157304,0,24,0,medium,0,0.6084871844268436,0.910399944278198
@ThanRuabk,11,30.11111111111111,0,5,0,high,3,1.2939878366758304,2.462055138865291
@EpicPlain,11,1.0784313725490196,-2,14,0,medium,0,0.5596124524831066,0.8853407484961229
@FastNews77,11,9.45,68,98,0,high,0,1.2189788814086435,1.1038852764806575
@CryptoMilox,11,9.773584905660377,1,17,0,high,0,0.8010105236242729,1.3462061329957056
@AIDE_ink,11,3.830188679245283,0,12,0,medium,0,0.633355821009242,1.0326463220876565
@cryptoceannews,11,12.10344827586207,-1,25,0,high,0,0.8712763354028239,1.466607809685621
@Redzee98,11,9.25,123,48,0,high,0,1.3060166685268049,1.046021582496044
@collegeadvice,11,1.3614457831325302,-4,-2,0,medium,0,0.5241156856916085,0.923388204111864
@ObserveLebanon,11,12.3,0,233,0,high,0,1.3402549054081052,1.2297852026262373
@Abdul_8515,11,1.8333333333333333,-56,27,0,medium,0,0.4086694015251453,1.0149570603997333
@Navroze_India,11,7.523809523809524,0,1,0,high,0,0.7040410751116276,1.2453639651952473
@julianawriter,11,3.03125,8,25,0,medium,0,0.6710670013661025,0.9586702408388861
@keyboard_karate,11,1.6271186440677967,0,0,0,medium,0,0.5501261773846939,0.9276796467836654
@MrStealth27,11,13.44186046511628,1,-356,9,high,0,-0.24783097937142662,2.284649723662436
@Matthew78954477,11,2.415841584158416,0,51,0,medium,0,0.6832633229301263,0.910129726507397
@relegoai,11,5.166666666666667,8,12,-17,high,0,1.2976981735766302,0.5232135029283894
@fluteplay,11,12.2,7,10,4,high,0,0.7287864861636321,1.607347846735751
@bpaynews,11,3.575916230366492,3,130,0,medium,0,0.8989714517199107,0.8738240391432714
@DeepFlowcc,11,5.235294117647059,1,-228,3,high,0,0.03618911965590555,1.489925412904506
@AWN_English,11,14.285714285714286,0,40,0,high,0,0.9642963271646928,1.5649797923656559
@SolomonArv40603,11,63.66666666666666,0,-14,0,high,10,2.115219969683907,4.299005937488279
@1AIsFreeSpeech,11,1.105263157894737,0,0,0,medium,0,0.5367005724338421,0.8994602090189001
@kttk2345678,10,5.305555555555555,79,177,0,high,0,1.2024643579833294,0.5953617197253828
@NCThirdAge,10,6.916666666666667,33,6,0,high,0,0.695918873222582,0.9730426838139984
@MonicaSager3,10,1.1607142857142858,-10,8,31,medium,8,-0.7012568538705103,1.7749730166182474
@CALIVEDATA,10,86.0,2,38,0,high,10,2.68696045352204,5.271500804942123
@goodvibe1771,10,6.478260869565218,121,-4,0,high,0,0.9870197148900094,0.791430137980762
@greeny08111958,10,13.076923076923077,-2,8,0,high,0,0.7297621276808146,1.3712971150332647
@Carol83478741,10,9.714285714285714,0,0,0,high,0,0.6329264780959458,1.1950479821475133
@Eco_Promos,10,1.52,-9,7,0,medium,0,0.40441529798116393,0.7610342609273929
@KenslowMatthew,10,2.763157894736842,31,14,0,medium,0,0.5993890961151507,0.7428547403537462
@TPerdrozo,10,11.25,-7,3,0,high,0,0.6532602972170642,1.2880504716028431
@sinardailymy,10,8.7,0,-200,0,high,0,0.1642992267602397,1.376279765381598
@thenewsdrum,10,73.0,-1,37,0,high,10,2.33923833965079,4.575489208627233
@ASEANNOWTH,10,1.4,0,0,0,medium,0,0.41902757618520897,0.7454513514914998
@DomPachino101,10,2.2051282051282053,0,0,0,medium,0,0.43974084547764886,0.7889888170911966
@AllSidesNow,10,3.75,0,0,0,medium,0,0.4794852555053399,0.8725280623899778
@Fintech_Central,10,2.581818181818182,0,0,0,medium,0,0.44943182497289574,0.8093584014597867
@Bob_Mayer,10,2.282051282051282,0,0,0,medium,0,0.44171982025081186,0.7931484475625051
@kubzAKAglazek,10,1.0298507462686568,1,0,0,medium,0,0.41319243836773095,0.7235069393578931
@viralposts2323,10,16.0,2921,3002,-69,high,2,20.64560772213246,-9.940216975223805
@R9stS48031,10,2.8684210526315788,0,0,0,medium,0,0.4568051630392213,0.8248565079095858
@AnaCatCoin,10,1.5964912280701755,0,0,0,medium,0,0.42408264157069214,0.756076653186632
@AnandYadav002,10,4.305555555555555,33,-47,0,medium,0,0.5114724142974844,0.8944074011444163
@visakhabar,10,2.72,0,-2,-34,medium,0,1.6494787658098626,-0.31335855342716706
@hondo750,10,5.102564102564102,284,45,0,high,0,1.6611222287434235,0.34485105374778496
@AngryBMBC2023,10,7.6,37,185,0,high,0,1.1243161329451234,0.7909888567310495
@CKatAkulmach,10,2.254237288135593,0,0,0,medium,0,0.44100425875091104,0.7916444003864388
@lizmoneyweb,10,5.6,223,347,9,high,0,1.7993128263676514,0.43270225265449186
@BinaryAI_TON,10,3.508771929824561,0,-81,0,medium,0,0.2940533726181645,0.9550957974598793
@graceundissed,10,2.810810810810811,5,23,0,medium,0,0.5246521978280737,0.784949489126383
@hcrubin2009,10,9.5,2,34,0,high,0,0.7100193805034313,1.1394698908689678
@3Xtraders,10,26.875,-12,50,0,high,3,1.1407969628181958,2.0871393259882063
@predict_addict,10,3.1153846153846154,41,0,0,medium,0,0.6143491099993768,0.7591418466871819
@AnirudhDevShar1,10,5.333333333333333,0,0,0,high,0,0.5202191529196126,0.9581471229244134
@IndependentGulf,10,2.9166666666666665,3,17,0,medium,0,0.5067243837679537,0.8016130870415025
@lawhauz,10,2.740740740740741,9,6,0,medium,0,0.4999845009788797,0.7935131177612895
@MaureenHSulliv2,10,22.33333333333333,8,19,0,high,3,1.0291137831973476,1.8395697571436032
@IndiaPulseNow,10,12.15,128,484,0,high,0,2.238528337132318,0.5085969768700487
@BharatStockLive,10,16.2,7,494,39,high,8,0.5411291635903291,2.2482497258682295
@1oomtelgue,10,2.6818181818181817,45,2,0,medium,0,0.6223705016775607,0.7256217873690904
@BarlamanToday,10,4.615384615384615,0,0,0,medium,0,0.5017487217034242,0.9193239051921998
@BajajBroking,10,6.352941176470588,0,141,-43,high,0,2.377243263637025,-0.5854960126455028
@JackPolakoff,10,4.081081081081081,-1,42,0,medium,0,0.5772472408910179,0.8427831641709862
@yespunjab,10,41.5,0,0,0,high,3,1.450667125435103,2.913866716184679
@BenyoubHassan,10,3.0869565217391304,0,0,0,medium,0,0.46242735338448887,0.8366738562622852
@obrandoncollins,10,1.2666666666666666,15,6,25,medium,0,-0.3988405315262055,1.5349884837696408
@mugambi_evan,10,5.255813953488372,163,169,0,high,0,1.4932392839154576,0.44011954621181076
@zooppress,10,23.571428571428573,0,-1,0,high,3,0.9872119826701832,1.9455560973183506
@newstrack_eng,10,4.4,0,1,0,medium,0,0.4984202576155584,0.9064965424617211
@TNelson12598,10,8.133333333333333,3,172,0,high,0,0.9838949742348541,0.9007437614944921
@The_Advisor_SC,10,6.2,2,0,0,high,0,0.5498907433170528,1.001155255617523
@ExgayNews,10,35.333333333333336,2,6,-63,high,4,3.537899586327581,0.4709151322344569
@stockaajorkal,10,2.8115942028985508,0,68,0,medium,0,0.6058044361478098,0.7415165609296023
@Denise348495176,10,1.8297872340425527,0,0,0,medium,0,0.43008457140717943,0.7686921804652368
@DVDfever,10,10.22222222222222,99,73,0,high,0,1.1725880529589983,0.9454223919048972
@FarrarN57854,10,3.238095238095238,21,27,-126,medium,4,5.053954873413028,-3.4246198150821106
@ClutchPlaySport,10,95.0,0,5,0,high,10,2.8381074065549523,5.800987721925745
@dramasodacoin,10,127.0,0,31,0,high,10,3.7188902093925362,7.500703665308949
@CleanAirMoms,10,5.555555555555555,0,0,0,high,0,0.5259361911531947,0.9701638331748605
@TheLayoffBot,10,7.863636363636363,0,25,0,high,0,0.6406320610949403,1.0654638202784585
@WellsJorda89710,10,15.294117647058824,376,361,0,high,7,2.9617757111807417,0.345532013640711
@Doc_Gadget_UK,10,1.0104166666666667,0,0,0,medium,0,0.4090048935319603,0.7243845563336847
@thinkers360,10,1.6333333333333333,-3,31,0,medium,0,0.4825603779874775,0.7272621334446692
@Sandy5Suzi,10,13.916666666666666,0,-4,0,high,0,0.7321890935837592,1.427014145991191
@dataclaudius,10,5.882352941176471,11,-2,0,high,0,0.57048154684183,0.9689825556577476
@GatewayHispanic,10,6.294117647058823,14,94,0,high,0,0.8045534609131039,0.8721451055228686
@GlobalPulse_Vir,10,3.933333333333333,0,564,0,medium,0,1.7321450282708055,0.21669770864718776
@RPRealtyPlus,10,1.5,2,61,0,medium,0,0.5639479665732241,0.6749975917608789
@CindyJurie,10,2.2,2,-2,0,medium,0,0.4425587245585931,0.7872152659311042
@varindiamag,10,1.4339622641509433,-4,-9,0,medium,0,0.38523704215127763,0.7656255188509786
@raisinadialogue,9,5.6,0,0,0,high,0,0.4018240044730533,0.8026203651548515
@indianmarketrac,9,16.833333333333332,0,33,0,high,0,0.7638382413213229,1.3711119537580718
@MiloX_Viral,9,9.6875,0,33,0,high,0,0.5799997306226979,0.9846996147671324
@MarketJournalX,9,14.526315789473683,1,97,0,high,0,0.8497845059249068,1.1688855746714557
@marketsday,9,26.9375,-44,0,0,high,3,0.7885137610614801,2.04130468275492
@mark_melbin,9,1.8679245283018868,48,91,0,medium,0,0.6841660538240796,0.4008225928706216
@michaelmesser60,9,11.714285714285714,581,65,0,high,7,2.8454260145952137,-0.06394359826722469
@mfrakes55,9,9.608695652173912,194,98,0,high,0,1.4371843048019453,0.5295798059873179
@BeiingSelf,9,3.423076923076923,0,0,0,medium,0,0.34581901839253926,0.6849028228168178
@mirror7news,9,31.666666666666668,0,0,0,high,3,1.0724325892722362,2.2121804775322964
@LAMuscle,9,4.411764705882353,0,0,0,medium,0,0.37125466474172303,0.738366308580402
@of_books59328,9,9.055555555555555,77,67,0,high,0,0.922915462092722,0.7618976476048143
@washington_EY,9,4.857142857142857,8,0,0,medium,0,0.4122133275238154,0.7470220703259631
@NaveenSankarS,9,8.833333333333334,-73,0,0,high,0,0.21581425381552366,1.118245360151503
@itsme_krrishm,9,2.45,-1,36,0,medium,0,0.3967533668404574,0.591717709207257
@Natalie49229738,9,21.0,13,10,0,high,3,0.8680798251922556,1.5985036690590682
@BradSmithTX,9,1.8571428571428568,0,1,0,medium,0,0.307745411501568,0.5990442336686493
@AponiaAnalytics,9,1.422077922077922,857,170,0,medium,7,3.83074111165997,-1.2767096264878608
@ArraourAli,9,1.4324324324324325,71,272,0,medium,0,1.1582688314225131,0.11926541225549035
@paulinepark,9,9.142857142857142,6,5,0,high,0,0.5261586785556686,0.9767279610998614
@littlejoe616,9,1.164835164835165,2298,434,-25,medium,6,10.605083477715667,-5.2139976808720085
@BlackMamba_term,9,1.451851851851852,0,-2,0,medium,0,0.29068062689220564,0.5806692353014681
@MailMyStatement,9,2.227272727272727,4,-6,0,medium,0,0.31652924692072737,0.6196077862968211
@BlueMooGuns,9,2.345454545454545,-204,1101,0,medium,0,2.001975439635348,-0.27956956498011204
@Mb51082451,9,26.5,1,58,0,high,3,1.071533607050148,1.8624003957403399
@R4F4Santos,9,25.5,-4,-5,0,high,3,0.8879711693324392,1.8923328297037303
@AnalystBunny,9,1.6986301369863013,0,0,0,medium,0,0.3014547414571787,0.591653024648372
@PNUKcom,9,14.2,2,41,0,high,0,0.7211678017557703,1.2154137207201232
@iam_1stewart,9,18.9,1,0,0,high,3,0.7476763133961782,1.5198919550022933
@hekasia,9,4.642857142857143,1,53,0,medium,0,0.49815873440501,0.6863730960182944
@AndonToken,9,5.017857142857143,0,286,0,high,0,1.0196696753197803,0.4335472164879498
@rareinfinitive,9,3.0476190476190474,29,5,0,medium,0,0.4541626118003907,0.602770836897234
@proptechbuzz,9,1.4830508474576272,0,31,0,medium,0,0.3645012273611732,0.5434032125509358
@FatimaK6992408,9,1.8285714285714283,0,0,0,medium,0,0.30479769845168814,0.598679625475835
@cryptonews66,9,3.810810810810811,115,69,54,medium,8,-0.9748006128867941,2.201398360330343
@salmasayedsaad,9,33.333333333333336,-4,-6,0,high,3,1.0872841017892183,2.317102263442805
@ceanglobal,9,20.83333333333333,20,24,0,high,3,0.9205823548975831,1.559465942127109
@CryptoforniaX,9,1.5,0,0,0,medium,0,0.2963446490634632,0.5809120610341025
@uniworldnews,9,5.055555555555555,0,0,0,high,0,0.3878172608007771,0.773179425041256
@RandomNYC2024,9,3.128205128205128,4,10,0,medium,0,0.3751098837715944,0.6494395240013876
@futuretrade_1,9,22.125,51,335,0,high,3,1.7562662307146728,1.2024253977981776
@PriorConsults,9,2.828125,-2,56,0,medium,0,0.4470469996063662,0.5904854631683092
@fionapettit71,9,1.4893617021276595,37,18,0,medium,0,0.47233904984844427,0.4877344498483046
@CoinHDMedia,9,12.0,0,0,0,high,0,0.5664747056002185,1.148701620367728
@researchhires,9,4.047619047619048,0,47,0,medium,0,0.4658816768313073,0.6631963823827298
@ferozwala,9,14.77777777777778,-2,194,0,high,0,1.059819605969723,1.0737704380839272
@dqc1985,9,42.5,-1,13,0,high,3,1.376215281117009,2.7845784545428205
@twisted_eagle,9,4.0,3,-8,0,medium,0,0.3540227189050411,0.7197576747126975
@SevenXtrem68,9,19.22222222222222,17,-12,0,high,3,0.7884151658027426,1.520624655526143
@AlexanderA54129,9,1.654867256637168,0,0,0,medium,0,0.3003288681864242,0.5892865383104097
@Shaco_Ai,9,22.714285714285715,-2,25,0,high,3,0.89005911107194,1.7024258237418406
@DianneS31066,9,5.636363636363637,0,0,0,high,0,0.4027595198203668,0.8045867359231065
@DonovanSea9133,9,3.0,0,0,0,medium,0,0.3349346571401425,0.6620248552246204
@ai_shopper,9,122.0,0,4,0,high,10,3.4052592923313316,7.092251604695783
@SnoopysSopwith,9,7.391304347826087,26,8,0,high,0,0.5614864629133534,0.8399008351129561
@alfonso73202912,9,41.66666666666666,-5,-1,0,high,3,1.3090487912902664,2.7637554294223157
@acemaxx,9,10.85,0,72,0,high,0,0.6962009326847621,1.0015265312430162
@Deccan_Daily,9,1.875,1,2,0,medium,0,0.3141050522798493,0.5969009461182857
@Yeesuus92,9,36.2,0,2,0,high,3,1.193485499791293,2.454960571819788
@stockse_,9,5.733333333333333,0,14,0,high,0,0.4362315412910726,0.7933048275537159
@AVarchavsky,9,2.542372881355932,0,0,0,medium,0,0.32316143433708777,0.6372785790309031
@statpro_ai,9,1.3785714285714286,0,-13,0,medium,0,0.2644560474278052,0.5896909535592687
@Entheos_11,9,2.2564102564102564,-2,-36,0,medium,0,0.22877347640809764,0.6681664380749285
@TVivlia,9,9.75,0,23,0,high,0,0.5594809948559858,0.9998832886332162
@BAMBossie81,9,2.595238095238096,-3,33,0,medium,0,0.3864767225685352,0.6069697172084484
@zismo64,9,10.0,-8,13,0,high,0,0.5142854449529792,1.0406342109076514
@EnglishSalar,9,12.142857142857142,0,9,0,high,0,0.5900639319575806,1.1458030716885415
@techday,9,2.833333333333333,111,-1,0,medium,0,0.7377545545870418,0.44012715070590497
@nadeemtanoli11,9,5.583333333333333,22,3,0,high,0,0.4891597765876751,0.7557505095336486
@yourememberkobe,9,1.9615384615384608,0,237,0,medium,0,0.8326201683492396,0.32611565749890464
Max@TopDomains,9,4.918367346938775,0,0,0,medium,0,0.38428786474841264,0.7657609457539902
@poordad00,8,1.029126213592233,20,21,0,medium,0,0.27919242293772745,0.3221439401494884
@Motor_City_DET,8,2.789473684210526,40,93,0,medium,0,0.5575436178183717,0.29377608845987263
@thewild_news,8,2.4761904761904763,28,4,0,medium,0,0.3083058260955249,0.4050328308071892
@bspence5,8,6.7368421052631575,-2,-1,0,high,0,0.29622776759874475,0.6991859495867521
@DGBoudreau,8,6.529411764705882,538,112,0,high,7,2.5322105989005843,-0.48681586076483746
@D_sNotHere,8,1.1842105263157894,1,30,0,medium,0,0.23303237146289243,0.35654843227343086
@cmunell,8,14.76923076923077,0,-1,0,high,0,0.5102495378302397,1.129681904675554
@Sharemarketinf,8,8.789473684210526,1,261,0,high,0,0.9398161615733661,0.49513272723596485
@FaisalOnAI,8,3.076923076923077,-4,98,0,medium,0,0.4137489521585978,0.3882728039332726
@johanabrahams2,8,3.651515151515152,125,46,0,medium,0,0.7891693125985888,0.23194574362782056
@jobaandthemouth,8,2.548387096774193,0,0,0,medium,0,0.19806056575794062,0.46765698883909734
@BusinessIdeaGod,8,32.0,0,0,0,high,3,0.9557525522957518,2.0602587328378688
@charlesBBM12,8,2.86,16,16,0,medium,0,0.30048110344973833,0.43476486085463434
@Wfinancenews,8,4.127272727272727,367,273,0,medium,7,2.196076085265682,-0.47697929572881154
@wkrauss687,8,14.166666666666666,41,42,0,high,0,0.7410825720570283,0.9672717796707776
@lamarlofton,8,8.6875,3,77,0,high,0,0.5374374483620168,0.7029545665687305
@laignel_pierre,8,1.175,2,0,0,medium,0,0.1701030276064616,0.3895337749390911
@labor_against,8,3.1052631578947367,3,11,0,medium,0,0.24778916353211058,0.4790002436182173
@ArgaamPlus,8,4.166666666666667,0,0,0,medium,0,0.23969351353959106,0.5551657739693693
@ArabCenterWDC,8,5.157894736842105,-1,33,0,high,0,0.33452489652631723,0.5717420303556424
@peaceinhand,8,5.466666666666667,0,0,0,high,0,0.2731381872060465,0.6254635289344849
@kArEn_Magnet_,8,8.428571428571429,31,0,0,high,0,0.46365282960250226,0.7258450319476862
@DailyFinanc,8,3.783783783783784,-6,0,12,medium,0,-0.21613538200096563,0.9457559336445694
@asset_wave,8,5.357142857142857,0,-366,0,high,0,-0.5395149873019616,1.0515664598120344
@skillexchange_x,8,7.6923076923076925,-1,8,0,high,0,0.3444102755489213,0.738300843259648
@thevoicetruth1,8,2.25,104,0,0,medium,0,0.5738914056713774,0.2509557093102879
@BreakingSignals,8,5.428571428571429,0,0,0,high,0,0.272158123508861,0.6234035214629796
@Brian9749576961,8,7.4,0,0,0,high,0,0.32287641983821097,0.7300089081133746
@adriananglin,8,1.2857142857142858,0,-6,11,medium,0,-0.23623186709796973,0.7728733153107178
@PiyushRala007,8,20.357142857142858,1779,2126,0,high,6,11.92053513804061,-4.509690609825223
@Great_GER_Again,8,9.5,4,28,0,high,0,0.45360734147424164,0.8028016179100238
@Randyleary047,8,3.75,-128,56,0,medium,0,-0.11912571997096592,0.7133825733967508
@ORFKolkata,8,31.666666666666668,0,19,0,high,3,0.989217635208202,2.019806116656721
@gaochuck197792,8,2.230769230769231,-2,1,0,medium,0,0.18472683907217533,0.45315838031425554
@vartha24,8,50.86666666666667,424,176,-8,high,3,3.6766569193550014,1.7885532414604512
@ErikSchreiber5,8,2.1627906976744184,0,0,0,medium,0,0.18814045365420812,0.44680578793190745
@tech_warfare,8,1.6875,0,2,0,medium,0,0.18033813630017195,0.4187435554161898
@HealthDailyNow,8,1.5471698113207548,33,2,0,medium,0,0.29841773878390176,0.34751405776085575
@Bernardoca53972,8,3.3389830508474576,0,0,0,medium,0,0.21839996859332544,0.5104086201128312
@orfonline,8,46.5,1,0,0,high,3,1.3324768676802203,2.8424205580377246
@AscendRebel,8,3.25,186,332,-15,medium,0,2.166420204077716,-0.7446539570944638
@InsideDashboard,8,7.542857142857143,14,224,0,high,0,0.8738146697538645,0.44632565512361994
@PPSDI_Official,8,4.785714285714286,0,4,0,medium,0,0.2644702097268184,0.5839193057380707
@PCadfael,8,4.125,12,38,0,medium,0,0.36695369711526055,0.4849153154846526
@Officialwfuture,8,4.95,53,150,0,medium,0,0.7871871089530255,0.31825357796370746
@mavi7377664576,8,17.625,0,42,0,high,0,0.6788635831945181,1.2333510972578605
@NoWar28052360,8,2.1739130434782608,8,-1,0,medium,0,0.21571449446603136,0.4331594792389206
@CozzyEnergySol,8,6.0,0,0,0,high,0,0.2868590789666436,0.6543036335355579
@coindoo,8,5.896551724137931,1,634,0,high,0,1.6907150553546313,-0.10159082936892957
@sandrinorusso74,8,8.866666666666667,593,99,-28,high,7,3.755382854451784,-1.3838399037248568
@CritMinJrnl,8,4.9375,9,78,0,medium,0,0.46530051730671873,0.48742107183071876
@dailystarnews,8,13.333333333333334,0,0,0,high,0,0.4755213406748537,1.0508550718003122
@rymondIncKenya,8,1.8888888888888888,6,16,0,medium,0,0.2386219399366352,0.40153702347835124
@iamanjiiii,8,1.84,146,18,0,medium,0,0.7580494121321179,0.12653994254723405
@FundedNext,8,4.727272727272728,-3,0,-78,medium,4,2.9980989304559764,-2.00693663369204
@republic,8,27.666666666666668,0,0,0,high,3,0.8442703067409006,1.8259328829541501
@indicanews1,8,3.7,8,5,0,medium,0,0.26825162477990155,0.508600546254821
@iiamguri9,8,1.0546218487394958,2,181,0,medium,0,0.5674985135221811,0.1693723714428378
@SUPERFRENCHBIGZ,8,12.5,2,60,0,high,0,0.5942175052048332,0.931111526428628
@VeedusM,8,1.1139240506329111,0,2,0,medium,0,0.16558193595439527,0.3877273234604274
@PriceVPartners,8,4.340425531914893,303,7,0,medium,0,1.3769863127209236,-0.028042111659799716
@JinJooWon,8,2.7857142857142856,0,0,-1,medium,0,0.23948730195988582,0.4471802102264831
@ET_Government,8,2.857142857142857,0,0,0,medium,0,0.20600382394883926,0.4843530171363775
@UofT_TCAIREM,8,5.375,26,20,0,high,0,0.4109100511986161,0.5467572030526405
@leanpub,8,12.5,0,9,0,high,0,0.4739964347918371,0.9951688316638045
@ErrolMarks34,8,5.967741935483871,116,16,0,high,0,0.7491900253669358,0.40996475134635746
@JulienceUS,8,2.0816326530612246,0,0,-33,medium,0,1.3516487428840223,-0.6568225149749656
@theengineerfeed,8,45.333333333333336,0,-27,0,high,3,1.23903288383193,2.813132077956688
@JeffBensonIOWA,8,5.733333333333333,26,-2,-1,high,0,0.40677123669974097,0.5587925984685845
@KellyDem4Life,8,7.6,31,49,0,high,0,0.5507570427612622,0.6232003963125345
@storj,8,3.4285714285714284,-2,0,-4,medium,0,0.3546140278932293,0.38586899488930143
@MaceNewsMacro,8,19.0,0,12,0,high,3,0.6478577989550863,1.3431164142569383
@StoreDapear,8,2.8823529411764706,0,0,0,medium,0,0.20665239551315323,0.4857162573748736
@XHeadlinec,8,6.7,5,84,0,high,0,0.5091694858858214,0.5833602951069583
@AVPac_US,8,2.2333333333333334,0,0,0,medium,0,0.18995528090742664,0.4506203947904796
@BarefootGenX,8,2.6296296296296298,1,3,0,medium,0,0.2104762322315218,0.46658048386284956
@michaelEdw24186,8,8.571428571428571,-42,69,0,high,0,0.3508093156231575,0.7929044994722726
@xuka5910,8,40.333333333333336,0,4,0,high,3,1.1789921471630442,2.506163777586377
@ActivistBowen2,8,7.761904761904762,10,18,0,high,0,0.4088907063796553,0.7090466392798415
@TalkMarkets,8,33.333333333333336,-1,19,0,high,3,1.028407851316833,2.1118599621768914
@KendallHarmon6,7,2.8,36,27,0,medium,0,0.27177263971140975,0.2100187946616136
@ioneras,7,14.076923076923077,9,4,0,high,0,0.41143463271898234,0.8990397655332514
@CobakOfficial,7,1.4074074074074074,0,0,0,medium,0,0.0434513611457553,0.2360114782895526
@CampbellAJ70,7,1.044776119402985,-12,24,0,medium,0,0.0429751838527484,0.21121480611117804
@designdelight24,7,5.411764705882353,43,-9,4,high,0,0.14383730853223525,0.5134863312697023
@MarketsAcross,7,6.4,0,1,0,high,0,0.17410681873722436,0.5048065045054495
@K13News,7,3.692307692307693,0,46,0,medium,0,0.20401684418646723,0.30526962842873157
@CNBCTV18News,7,12.375,-3,0,0,high,0,0.31454830703596826,0.8348717547006116
@ethosfantasyNBA,7,15.9,0,0,0,high,0,0.4162975379458694,1.0197012651228776
@CoSN,7,1.7105263157894737,30,0,0,medium,0,0.16187672119124177,0.19454713345560654
@moneyisbusiness,7,8.052631578947368,11,3,1,high,0,0.22629103957642346,0.6039086742819271
@onco404,7,2.085714285714286,101,15,0,medium,0,0.466536553875563,0.06020471178255597
@10WallStreet,7,5.363636363636363,12,12,3,high,0,0.11007150477470026,0.512569221091884
@ranttilwecant,7,2.6875,-4,8,0,medium,0,0.0793349231134383,0.3035036315754841
@Paradisiak,7,1.3703703703703705,17,63,0,medium,0,0.24458513482556668,0.1268588394556043
@JoyRichrez09,7,6.628571428571429,123,10,0,high,0,0.6534723775311495,0.2693351796936504
@1infinity_VC,7,2.457627118644068,0,-1,0,medium,0,0.06825735396137164,0.29398271256194347
@PouringPotions,7,2.212121212121212,1,3,94,medium,8,-3.2457036238984744,3.4052243569085836
@mzuhossain1,7,1.2244897959183674,9,-3,0,medium,0,0.06529563970074485,0.21230469702928823
@PopsicleProtect,7,1.0579710144927537,2,5,0,medium,0,0.05289999333393725,0.2073566124710702
@nareshitech,7,1.1176470588235294,0,8,0,medium,0,0.05369811390024548,0.21089945132353166
@ChetKincaid3,7,5.375,10,10,0,high,0,0.20452667381009246,0.41947066535976063
@ChrisArienti,7,3.583333333333333,1,40,0,medium,0,0.19162487557244356,0.3045306844174479
@financeweek101,7,7.0,-1,63,0,high,0,0.3230404984980852,0.4659955013529714
@RandomCryptoPal,7,4.571428571428571,33,0,-1,medium,0,0.28186202466535115,0.3101551352032283
@mitre_matos,7,2.676470588235294,-146,-246,10,medium,0,-1.3598118130736416,1.2096807324642838
@PubliusPR,7,1.564102564102564,2,17,0,medium,0,0.09247305704936232,0.22056100635251452
@8ananaRepublic,7,3.0476190476190474,3,29,0,medium,0,0.1608785530703444,0.28468916358473173
@AbujamiTamer,7,1.0576923076923077,106,56,0,medium,0,0.549246099158442,-0.0534246653543434
@AimforProfit,7,9.6,35,1,0,high,0,0.3854971418140293,0.6103489796482903
@Aikira_AI,7,2.793103448275862,7,22,0,medium,0,0.1535923393481529,0.27147488994129865
@AgentLexAI,7,6.827586206896552,0,0,0,high,0,0.1828945235786434,0.5291087099154003
@kardinal691,7,1.2236842105263157,35,27,0,medium,0,0.2275317097033837,0.12670772782953557
@kamate_divya,7,1.5543478260869563,-1,0,0,medium,0,0.04354407846494331,0.2458858288904515
@USTSKyleY,7,2.833333333333333,10,6,0,medium,0,0.13028738790553407,0.2867511315135302
@staffingly,7,4.75,0,4,0,medium,0,0.13829580568384922,0.4120412386634363
@spappasa,7,9.75,42,0,7,high,0,0.16570878974446562,0.839313076291192
@DennisGossen,7,3.0,9,-13,-20,medium,0,0.795268904540049,-0.34608612436778313
@ImCryptOpus,7,75.44444444444444,6,318,0,high,10,2.6739309145766543,3.852641288240246
@wlh9523,7,2.935483870967742,-1,-157,0,medium,0,-0.26831233593796977,0.5058934248933508
@_0b1d1,7,3.3548387096774195,25,6532,0,medium,5,14.638871142985531,-7.417249645582414
@DefenseMirror,7,4.407407407407407,24,37,0,medium,0,0.29100168798540843,0.30827791506684027
@startup_pragati,7,1.5384615384615383,-1,14,0,medium,0,0.07411269103096438,0.22850121101997317
@Archana05583518,7,17.0,-5,12,0,high,0,0.4527110073098148,1.0746618051419012
@SpideyBets,7,8.266666666666667,0,0,-13,high,0,0.6790915413848249,0.17389346030933248
@thenewslinker,7,5.3125,1,-96,0,high,0,-0.06481189834323207,0.5585697589245188
@SixmdC,7,13.375,1199,175,0,high,7,5.15995131572884,-1.635702003529041
@FIFAWorldCup,7,2.0535714285714284,0,0,-15,medium,0,0.5898914726585147,-0.2287014690481159
@FROMOTHERSIDEBY,7,1.9642857142857144,0,0,0,medium,0,0.05777798671919623,0.2661247819528754
@Stephen_hack5,7,29.5,5,12,0,high,3,0.8111701143811585,1.7313165703113798
@FlashStoX,7,14.909090909090908,0,35,0,high,0,0.46824802942625304,0.9248037523094199
@AHRCUSA,7,12.6,2,2,0,high,0,0.34319999201762613,0.8350352857984747
@FranciscoGaffn,7,1.603448275862069,0,0,6,medium,0,-0.16343174438251093,0.44647418410508083
@com20128859,7,8.333333333333334,47,309,0,high,0,1.0786617769145688,0.1551491049880542
@sandraAFRL,7,28.666666666666668,-3,-2,0,high,3,0.7292533419814762,1.718207619758144
@codemaster70,7,8.25,1,25,0,high,0,0.2784926993228075,0.5745875608390552
@t3rraco,7,1.9193548387096773,36,13,0,medium,0,0.2181392565756183,0.17892329859793912
@CourseMonster,7,5.275862068965517,0,0,0,high,0,0.14297382556828547,0.44519892282176105
@FieldLevelMedia,7,30.666666666666668,0,0,0,high,3,0.7961947285674015,1.8182116612650874
@Saur_energy,7,8.38888888888889,0,19,0,high,0,0.2651022859136172,0.5911089078522891
@rpujolvives,7,7.727272727272727,-3,-4,0,high,0,0.18612709059950655,0.5882665805262802
@Edwood771996,7,13.0,-1,2,0,high,0,0.3424279489083692,0.8624509201747308
@SecretShopper10,7,9.75,2,24,0,high,0,0.3185576127657311,0.6549522337985706
@DSWithDennis,7,1.127659574468085,0,0,0,medium,0,0.03625438039071397,0.22088405935725217
@DailyGuardian1,7,30.0,0,65,0,high,3,0.9228668568710512,1.7054356988108
@HerCyanideSmile,7,1.0491803278688523,0,-3,0,medium,0,0.027597374719664464,0.22018147093794221
@EUCUPdotCOM,7,4.315789473684211,0,-2,0,medium,0,0.11384902221023467,0.39564360375738417
@BslashyP,7,2.2857142857142856,1,33,0,medium,0,0.14275279894812726,0.2426244617950033
@super_spreaders,7,1.525,-1,-7,0,medium,0,0.027300399628855953,0.2525616213145998
@Dutch_Brat_NFT,7,2.793103448275862,0,0,0,medium,0,0.07910070875171281,0.3109432634719383
@Tien7397,7,53.0,0,37,0,high,3,1.452625686291061,2.982216337234883
@bullbearmarkett,7,2.5476190476190474,10,4,8,medium,0,-0.1640571999234933,0.540144213505447
@KlasfeldReports,6,2.6666666666666665,0,0,0,medium,0,-0.04940768319080369,0.13415935963865439
@BRAVENEWEUROPE1,6,3.375,0,40,0,medium,0,0.05732198725836773,0.12524672712937235
@JLBroomes,6,1.0465116279069768,4,-5,0,medium,0,-0.08740192435695697,0.04473707064836203
@ML_Chem,6,6.76,0,45,0,high,0,0.15547009853636096,0.30238927896523504
@MREXKO,6,1.4666666666666666,39,37,0,medium,0,0.14540418068267114,-0.04961780694476416
@OverUnderDaily1,6,4.25,10,210,0,medium,0,0.4928616288238672,-0.04739022251613723
@CapitalMarket17,6,5.333333333333333,0,0,0,high,0,0.01919677561218179,0.2783598826440196
@higherrisks,6,2.772727272727273,18,45,9,medium,0,-0.19862276470775292,0.3518560247807682
@GlobeWarReport,6,1.6878048780487804,5,143,0,medium,0,0.2602584484158978,-0.0972122065176622
@Recoverytheate,6,58.0,3,0,0,high,3,1.3851975489008495,3.120534656074531
@fortpapalia,6,3.4,31,11,0,medium,0,0.10811255096719774,0.10104605404984056
@CheperkaKathy,6,5.705882352941177,3,30,0,high,0,0.10622389230202493,0.2573080656963519
@indiacom,6,3.333333333333333,1,0,0,medium,0,-0.02856899784682239,0.1682809717481786
@echojobs__io,6,9.210526315789474,0,14,0,high,0,0.14992136182860302,0.4714942898412061
@GingerMEdwin,6,4.0,68,37,0,medium,0,0.3175179651993202,0.03144564929763774
@CIDC_Ops,6,2.810810810810811,0,0,0,medium,0,-0.04569933406631798,0.14195398250380928
@NewsCafe_eu,6,2.1052631578947367,-1,7,0,medium,0,-0.05204964085362689,0.0974670915615348
@NewsNetworkAll,6,7.153846153846154,0,1,0,high,0,0.06824517718736452,0.37562407305417556
@Newzjunkie_,6,1.2,-2,-1,0,medium,0,-0.09672794209590625,0.05988650668015224
@HelenSurin31953,6,5.433333333333334,35,15,0,high,0,0.18402439448537672,0.19856328863090505
@RickFreyta,6,6.133333333333334,-10,-3,0,high,0,-0.003735589010243929,0.3444464181962436
@Future_dividend,6,14.647058823529411,158,17,0,high,0,0.879059408212569,0.45722871380857866
@RksNews,6,23.0,0,25,0,high,3,0.5290179471067282,1.2041784122842
@Roberto05246129,6,5.313725490196078,8,172,49,high,8,-1.301962450869756,1.6910474330263883
@RobotAfro,6,1.5217391304347827,36,7,0,medium,0,0.06937834165765457,-0.0054422744154177015
@defiaddanews,6,6.851851851851852,0,7,0,high,0,0.07375186048059461,0.35221128747970626
@cryptoates_,6,4.742857142857143,18,660,0,medium,0,1.5307411426979036,-0.5673458598546248
@jakob_btc,6,1.6,0,0,0,medium,0,-0.07684946671199785,0.07647915043650834
@Cryptoforensick,6,1.5892857142857142,0,0,0,medium,0,-0.07712510962683128,0.07589977333514751
@christiancarpy,6,1.9364161849710984,14,1,0,medium,0,-0.014355943566278001,0.06649126322286807
@sharkputs,6,11.2,0,33,0,high,0,0.24314453911944325,0.5566479186989426
@sharonsizelove,6,2.833333333333333,3,-58,0,medium,0,-0.16239177865137353,0.2058493862282827
@DJMATT1820438,6,4.153846153846154,0,45,0,medium,0,0.08842243322159708,0.1614609985972993
@4547Blogazine,6,2.1724137931034484,0,0,0,medium,0,-0.06212316477928804,0.10743253856438414
@Breaking911,6,1.2727272727272727,0,0,0,medium,0,-0.08526910483781881,0.058781813522213504
@SolarHashToken,6,4.148936170212766,-404,-8,0,medium,0,-1.5187536838645324,1.0028780843366107
@shre_yaa__,6,1.4081632653061225,6,3,0,medium,0,-0.05302136778244318,0.0509932373002253
@DallasDietzenba,6,6.8,4,12,0,high,0,0.098231493850652,0.3357913267999275
@AiThority,6,5.5625,0,-24,0,high,0,-0.02801149535721366,0.3190816529493425
@windowintlpod,6,1.441860465116279,2,188,0,medium,0,0.34243834269645534,-0.15784402644453374
@Dev_Discourse,6,8.727272727272727,0,0,0,high,0,0.10651154136143602,0.4618878210144844
@Derek_Griffin1,6,1.2352941176470589,4,15,0,medium,0,-0.03829187361460583,0.03133757259011148
@Ihsan0622,6,2.108108108108108,12,24,0,medium,0,0.033577278318410356,0.052483434474825126
@leftzalwaysrite,6,2.75,-3,93,0,medium,0,0.14745136497722086,0.03467422270226968
@MahalaxmiRaman,6,16.333333333333332,18,94,0,high,0,0.5765569757898522,0.7275163478718754
@worldnewslatter,6,10.22222222222222,0,0,0,high,0,0.14497161675098846,0.5427275081538556
@striveedgeias,6,1.2941176470588236,0,0,0,medium,0,-0.08471880169234032,0.05993850220942231
@TheFocus_TV,6,5.576923076923077,0,-1,0,high,0,0.023250863783540732,0.2927124432139781
@DrewTCorbin1,6,14.8,-1,41,0,high,0,0.3497743100761644,0.7438039641114862
@EducatorMagUK,6,2.0,0,0,0,medium,0,-0.06655879789155005,0.0981092288873131
@2012j,6,33.666666666666664,-8,-14,0,high,3,0.6876412713701531,1.842444152461965
@TJVNEWS,6,4.0,-325,0,0,medium,0,-1.213565912840661,0.8330281797318845
@tcjposts,6,4.05,-113,6,0,medium,0,-0.41723861121035705,0.41980360300812913
@TShepstone,6,1.6666666666666667,33,26,0,medium,0,0.10408477318658771,-0.014247284349499257
@SteveKlinko,6,23.857142857142858,2,1,0,high,3,0.5053405549320951,1.2750010809689827
@offensive_guru,6,1.2448979591836735,14,17,0,medium,0,0.003256238253368242,0.010210920964976887
@LiveSquawk,6,3.0,0,0,0,medium,0,-0.04083212584043051,0.15218442501432503
@00x48x,6,1.2941176470588236,0,-8,0,medium,0,-0.102420123908266,0.06938168149593875
@consensualcex,5,2.0,0,0,0,medium,1,-0.1918143922184077,-0.07183758118278537
@RobertCFried,5,2.5,48,19,0,medium,1,0.04009297494525188,-0.15979642873197528
@cmdilapi,5,3.25,21,29,0,medium,1,-0.018049775613844306,-0.07897400241580099
@RyanClark85,5,4.25,18,26,0,medium,1,-0.010023811323401658,-0.015572058130894175
@FitSinEscusas,5,2.272727272727273,0,0,0,medium,1,-0.18479802711355695,-0.057089800420873034
@SatatSampada,5,9.0,0,0,0,high,1,-0.011727687860570869,0.30668879170629826
@SeekingAlpha,5,77.5,3,0,0,high,10,1.761612059570823,4.005054170481165
@Algo_Trading_X,5,2.225806451612903,0,0,0,medium,1,-0.1860051436907356,-0.05962705302507302
@FT_SriLanka,5,7.1875,0,0,0,high,1,-0.05835728095322506,0.20867749872608907
@SirPayXDay,5,2.4761904761904763,187,8,0,medium,1,0.5277134364972677,-0.41616365309527864
@ColumbiaSpec,5,4.0,0,0,0,medium,1,-0.14036104811616862,0.03631281107123851
@99966Haylo,5,1.8666666666666667,0,0,0,medium,1,-0.195244615158557,-0.07904760733305367
@middaygujarati,5,19.33333333333333,9,-7,0,high,3,0.27181406885117704,0.8563719324514363
@deepblu,5,3.1666666666666665,11,43,0,medium,1,-0.02609205750591691,-0.08072064609295175
@Randylearyooo,5,2.741228070175439,72,37,0,medium,1,0.17462864081965077,-0.2142835743241695
@ABBONews,5,16.8,0,0,0,high,0,0.18894035413816163,0.7284753214969915
@TiknisArts,5,8.666666666666666,39,23,0,high,1,0.17440331124600428,0.18630235885102708
@DubemTalented,5,7.7,0,5,0,high,1,-0.03410903514207273,0.23048904968710993
@lockandloadbet,5,4.870967741935484,273,27,0,medium,1,0.9484948014295931,-0.4749457567713525
@alphaprofx,5,1.011904761904762,0,4,0,medium,1,-0.20838413325619398,-0.12999061461821015
@TonemanLives,5,1.0555555555555556,0,0,0,medium,1,-0.21611180471113176,-0.1229085997471856
@adnan_hashmi,5,2.025,4,6,0,medium,1,-0.1631449511822458,-0.08528216031176572
@DefinedLearning,5,2.325,0,0,0,medium,1,-0.18345322380179388,-0.05426314244150649
@BobbyBetBot,5,2.32,0,0,0,medium,1,-0.18358185716204947,-0.054533518422141554
@Solix_Trade,5,25.25,1,-21,0,high,3,0.36355233279655186,1.2082705557555309
@oncodaily,5,14.466666666666669,-17,196,0,high,0,0.49990514604073477,0.4037267882585345
@SparkAlistair,5,6.318181818181818,15,5,0,high,1,-0.014345058691459524,0.1268391808661647
@terry_legg,5,2.333333333333333,-4,27,15,medium,1,-0.668063616611265,0.4216852221804922
@Adibfaizz,5,3.217948717948718,72,13,0,medium,1,0.13378910993713417,-0.16017527393848388
@DailyTrendsFee1,5,2.463414634146341,0,0,0,medium,1,-0.17989227590203527,-0.0467783439531945
@TalentTimo41431,5,1.3636363636363635,2,-18,0,medium,1,-0.24063874449575584,-0.08885895351621971
@DanielBrobecker,5,2.5,0,0,0,medium,1,-0.17895105619284796,-0.04479998311927939
@BotaniBoost,5,2.333333333333333,0,0,0,medium,1,-0.18323883486803455,-0.05381251580711475
@BTCInfoNews,5,3.971428571428572,0,-57,0,medium,1,-0.2672180166775282,0.10205045788403927
@Mark_Astrology,5,1.9489795918367347,929,109,0,medium,7,3.473806665230093,-1.994853655787538
@NFJShane,5,9.0,-2,3,0,high,1,-0.012464833316068588,0.30700463675748874
@HolthausBob,5,1.798165137614679,0,20,0,medium,1,-0.15275362599166356,-0.1063597891678312
@finvibe,5,2.571428571428572,0,26,0,medium,1,-0.11958413955886667,-0.07162780179138553
@MattWalshBlog,5,1.4444444444444444,0,0,0,medium,1,-0.206106987802363,-0.10187935680890313
@JobCoinSOL,5,1.7894736842105263,0,0,0,medium,1,-0.19723053370285393,-0.08322183299899842
@watcher_iam,5,1.2857142857142858,63,3,0,medium,1,0.02876435981413634,-0.23550058794042725
@watermelonjudy,5,1.25,0,0,0,medium,1,-0.21110939625674738,-0.11239397827804433
@jbendery,5,8.0,0,0,0,high,1,-0.03745435991169041,0.2526135955792863
@xriskology,5,10.0,0,0,0,high,1,0.01399898419054869,0.3607639878333102
@KnotSimple,5,5.133333333333334,30,74,0,high,1,0.16316019666946044,-0.047606934306270395
@JeffSnider_EDU,5,2.333333333333333,0,0,0,medium,1,-0.18323883486803455,-0.05381251580711475
@reallive3tv,5,1.3833333333333333,2,33,0,medium,1,-0.12728607788943483,-0.1479941039682905
@Clocks_Runnin,5,1.4193548387096775,0,0,0,medium,1,-0.20675245986099328,-0.10323608215976009
@HMCHospitalJobs,5,10.0,0,0,0,high,1,0.01399898419054869,0.3607639878333102
@PHJobsUK,5,3.4857142857142858,-9,4,0,medium,1,-0.17792938270932446,0.021137788339013502
@GrowwTogether_,5,7.214285714285714,-1,22,0,high,1,-0.012677108215580806,0.18608571708338806
@rblais489338,5,1.6071428571428572,49,11,0,medium,1,0.0031089804697757998,-0.20056319320067945
@NiveshValue,5,2.207547169811321,0,32,0,medium,1,-0.11566960538183113,-0.0983871444156977
@1stIndiaNewsRaj,5,13.6875,-1,452,0,high,0,1.1053032219356178,0.028555162505305036
@AtlusAvalon,5,18.0,0,0,0,high,3,0.2198123605995051,0.7933655568494057
@qubevents,5,2.7096774193548385,0,5,0,medium,1,-0.16249342760362742,-0.039363622598333564
@Dalegusmc1981,4,17.666666666666668,0,0,0,high,1,0.08598120892227425,0.6053936814036367
@DagoFXtrader,4,1.293103448275862,0,0,0,medium,1,-0.33525608230553955,-0.28000996092887503
@adamfare1996,4,1.75,0,0,0,medium,1,-0.32350165455804525,-0.2553031902846368
@intelFromBrian,4,1.4,0,0,0,medium,1,-0.33250598977593715,-0.274229508929091
@indialensnews,4,4.5625,78,198,0,medium,1,0.47459284560221304,-0.48735984258042897
@CaNdy_FI0ss,4,1.4,2,88,0,medium,1,-0.13041630411428481,-0.381961518364406
@impishchimp,4,1.2,0,12,0,medium,1,-0.31109934086227253,-0.299209317084268
@financialit_net,4,2.477272727272727,-1,12,0,medium,1,-0.2819269349311229,-0.22821202520749487
@CreativeSoIndia,4,3.375,0,0,0,medium,1,-0.281695812474976,-0.16743099657824245
@sav_says_,4,2.0,0,0,0,medium,1,-0.31706998654526536,-0.24178439125288384
@cspan,4,1.25,0,0,0,medium,1,-0.3363649905836051,-0.28234078834814275
@AmPolGossip,4,20.0,0,-2,0,high,1,0.14158477982090503,0.7339299338549602
@dreamsofskies,4,6.0,0,0,0,high,1,-0.2141632983407872,-0.025483606744836067
@CoinXndr,4,5.0,0,0,0,medium,1,-0.23988997039190674,-0.07955880287184801
@designdelight25,4,4.0625,0,0,0,medium,1,-0.2640087254398313,-0.13025429924092172
@bookitsport,4,16.36842105263158,85,4,0,high,1,0.37487583555112053,0.36654512100594705
@CryptoStasolla,4,1.3877551020408163,-15,15,0,medium,1,-0.35494459074369566,-0.2636698357227514
@ODDSETAZ01,4,1.1643835616438356,377,24,18,medium,7,0.4689707285531163,-0.44276630765373526
@NormOrnstein,4,1.1111111111111112,0,0,0,medium,1,-0.3399381394795939,-0.2898512322546722
@NikolaSignals,4,3.259259259259259,18,26,0,medium,1,-0.16076786777497964,-0.2390933680675693
@NiallHarbison,4,1.1666666666666667,0,0,0,medium,1,-0.3385088799211984,-0.28684705469206045
@Newsquawk,4,1.7,0,0,0,medium,1,-0.3247879881606013,-0.2580069500909874
@MrSpiritsRaven,4,1.7777777777777777,-51,-6,1,medium,1,-0.5594502166890423,-0.11505397340495098
@NewsUkraineRBC,4,34.75,0,12,0,high,3,0.5520305064527884,1.5150135129769824
@GhostEVplays,4,15.1,18,494,0,high,1,1.17938233573604,-0.15122897848412467
@PiQSuite,4,1.75,0,0,0,medium,1,-0.32350165455804525,-0.2553031902846368
@Painfulmessagee,4,2.2,0,0,0,medium,1,-0.31192465213504145,-0.23096935202748145
@PacoPicks,4,8.23076923076923,0,0,0,high,1,-0.156773029919059,0.09514567692311361
@786Peace786,4,3.333333333333333,91,12,0,medium,1,0.07935315471449386,-0.3593440950853292
@KisanofIndia,4,1.8333333333333333,-1,55,0,medium,1,-0.20334874562919794,-0.31379026289370265
@KTLA,4,2.0,0,0,0,medium,1,-0.31706998654526536,-0.24178439125288384
@JustinWolfers,4,2.6666666666666665,0,0,0,medium,1,-0.29991887184451904,-0.2057342605015426
@JerryTommy34417,4,1.0714285714285714,112,67,0,medium,1,0.22029744643652682,-0.5870777877789105
@zflixfootball,4,3.533333333333333,0,6,0,medium,1,-0.2643464310716045,-0.1659514749896862
@MaryAReed,4,2.0,23,22,0,medium,1,-0.18357722565706655,-0.3121090630525966
@Mansaf000,4,4.95,147,84,0,medium,1,0.4867604638282908,-0.4649081855337304
@TrueGritNewsMan,4,7.434782608695652,5,1,0,high,1,-0.15660059820905906,0.04127955360010728
@Randy_Macron,4,1.353448275862069,-2,2,0,medium,1,-0.33665342144873633,-0.2752505600798952
@Tammy_Richard,4,10.2,-2,12,0,high,1,-0.08693443368866646,0.19132448534247354
@EWMInteractive,4,1.5352112676056338,0,0,0,medium,1,-0.32902745383663085,-0.26691793311473444
@WealthBranch,4,5.560975609756097,1,50,0,high,1,-0.11113710035826445,-0.11017232593436176
@Doc_JJK,4,5.571428571428571,0,0,0,high,1,-0.22518901493412416,-0.04865869079926977
@VidyaDelhi,4,2.857142857142857,1,43,0,medium,1,-0.1961863758047561,-0.24811983045085942
@UniqRenders,4,11.7,0,0,0,high,1,-0.06752126764940578,0.28274501117913203
@Fight_The_Bane,4,2.333333333333333,2,16,0,medium,1,-0.26571664347657103,-0.2465027217338803
@ReadMeOfficial,4,5.28,0,0,0,high,1,-0.23268650221759327,-0.06441774795628465
@RawMaraby,4,1.4,0,7,0,medium,1,-0.3170173328370022,-0.2824922908047929
@StupidSingapore,4,1.9189189189189189,-396,2,0,medium,1,-1.775008577094837,0.5151637207233968
@SportsAvenueTP,4,1.4090909090909092,0,0,0,medium,1,-0.33227211093910874,-0.2737379162370272
@EyeonPalestine,4,1.0909090909090908,0,0,0,medium,1,-0.34045787022810137,-0.29094366045925835
@FELNewsTR,4,2.625,0,32,0,medium,1,-0.23018552764961298,-0.24576011081956708
@SilkeLeFay,4,3.357142857142857,-3,0,0,medium,1,-0.2932179292627365,-0.1626110691550593
@thesiriusreport,4,1.0833333333333333,0,0,0,medium,1,-0.3406527692587917,-0.2913533210359781
@BESTASS19747611,4,6.666666666666667,0,0,0,high,1,-0.19701218364004083,0.010566524006505257
@BJul1989,4,1.037037037037037,0,0,0,medium,1,-0.3418438188907879,-0.29385680233815453
@Blubaycrab,4,3.1666666666666665,22,46,-10,medium,1,0.24906459550647503,-0.6085252824637029
@Aura_displays,4,1.7837837837837838,0,0,0,medium,1,-0.32263251023199396,-0.25347632555061617
@AsianetNewsHN,4,9.75,0,0,0,high,1,-0.11768827814908889,0.17729837873145873
@ntnhu0811,4,15.0,-1,8,0,high,1,0.031390501691979475,0.453678497753572
@jrcryptex,4,8.5,0,0,0,high,1,-0.14984661821298834,0.10970438357269381
@jcmittelstaedt,4,4.0,0,0,0,medium,1,-0.2656166424430263,-0.13363399899885997
@BuyBTCcoinX,4,2.75,2,53,0,medium,1,-0.17312858153994826,-0.2676460942144304
@Buydirectsports,4,3.409090909090909,0,0,0,medium,1,-0.2808187668368696,-0.1655875239830034
@BarranPressE,4,2.617647058823529,0,0,0,medium,1,-0.3011799832195739,-0.2083850054097294
@mopargal1969,4,2.0,1,77,0,medium,1,-0.14300718957374584,-0.3346035105274216
@jgoldbeck,4,9.0,0,0,0,high,1,-0.13698328218742856,0.13674198163619977
@prgraysharbor,4,3.952380952380953,0,0,0,medium,1,-0.2668417220645081,-0.13620900833824146
@katynotie,4,1.6666666666666667,0,0,0,medium,1,-0.3256455438956386,-0.2598094566285545
Cloud-4 (Head of Communications for @cloudlandai),4,2.5,0,0,0,medium,1,-0.3042066505197056,-0.21474679318937787
@nenshi,4,1.6666666666666667,0,0,0,medium,1,-0.3256455438956386,-0.2598094566285545
@massrealty,3,1.3076923076923077,0,0,0,medium,1,-0.4601363538305904,-0.44916787556475973
@ShawandaTo57394,3,11.071428571428571,-1,-2,0,high,1,-0.21706081417704065,0.08309739129264364
@Timodc,3,1.5,0,0,0,medium,1,-0.4551889168976828,-0.4387687993864882
@EastBerkspsc,3,2.727272727272727,0,0,0,medium,1,-0.4236152739258543,-0.3724037859578827
@thatbloodyMikey,3,1.3333333333333333,0,0,0,medium,1,-0.4594766955728694,-0.44778133207432363
@onepitchsaas,3,1.5,0,0,0,medium,1,-0.4551889168976828,-0.4387687993864882
@BigWayneConley,3,2.0,0,0,0,medium,1,-0.44232558087212304,-0.4117312013229823
@BikGaiHaiDuniya,3,1.15,0,0,0,medium,1,-0.4641932521155747,-0.4576951180309425
@Taju___,3,1.0704225352112675,-4,5,0,medium,1,-0.46992747164284004,-0.46018619753348805
@DePIN_Union,3,3.0,0,0,0,medium,1,-0.41659890882100353,-0.35765600519597035
@AiMoisey,3,1.8478260869565213,-320,64,0,medium,1,-1.4846525373354986,0.12162049557310751
@aashisjo,3,4.0,0,0,0,medium,1,-0.390872236769884,-0.3035808090689584
@kyledcheney,3,1.1666666666666667,0,0,0,medium,1,-0.463764474248056,-0.45679386476215894
@bgcoalition2020,3,3.0,19,3,0,medium,1,-0.33989707076856784,-0.39783905162293837
@DVKirichenko,3,1.25,0,0,0,medium,1,-0.4616205849104627,-0.45228759841824123
@seanspicershow,3,1.5,0,0,0,medium,1,-0.4551889168976828,-0.4387687993864882
@akhbaralyawm,3,6.0,3,22,0,high,1,-0.27967754464414446,-0.22718471577830596
@BowinnMa,3,4.0,0,0,0,medium,1,-0.390872236769884,-0.3035808090689584
@DastDn,3,1.5,0,0,0,medium,1,-0.4551889168976828,-0.4387687993864882
@shelia_hunt,3,1.6153846153846154,1,125,0,medium,1,-0.1719497244708647,-0.5820075486731618
@UltraDane,3,2.25,0,0,0,medium,1,-0.43589391285934315,-0.3982124022912293
@DrMedicalBiz,3,1.1521739130434785,0,0,0,medium,1,-0.46413732456763745,-0.4575775632567533
@TomClark1565949,3,1.1666666666666667,0,0,0,medium,1,-0.463764474248056,-0.45679386476215894
@TowneRealty,3,27.714285714285715,-1,-3,0,high,3,0.20889184825388685,0.9842435528172998
@Adventurou79382,3,2.333333333333333,0,0,0,medium,1,-0.4337500235217499,-0.3937061359473117
@XNN24News,3,6.333333333333333,0,0,0,high,1,-0.33084333531727167,-0.17740535143926395
@Dina1066593,3,1.6,0,0,0,medium,1,-0.45261624969257086,-0.4333612797737871
@IanLJones98,3,1.3333333333333333,0,0,0,medium,1,-0.4594766955728694,-0.44778133207432363
@MichaelEMann,3,1.5,0,0,0,medium,1,-0.4551889168976828,-0.4387687993864882
@MergedMatches,3,46.0,9,2,0,high,3,0.7272614557202329,1.9478599656675608
@wirelyss,3,3.0,0,0,0,medium,1,-0.41659890882100353,-0.35765600519597035
@Malinowski,3,3.0,0,0,0,medium,1,-0.41659890882100353,-0.35765600519597035
@NLJacky,3,1.0465116279069768,21,20,0,medium,1,-0.3451633744777685,-0.5273981117431874
@Mylovanov,3,2.333333333333333,0,0,0,medium,1,-0.4337500235217499,-0.3937061359473117
@MsPacNWer,3,2.5,55,4,-2,medium,1,-0.14715300347414098,-0.5621043040043178
@3SportsGh,3,11.333333333333334,0,0,0,high,1,-0.2022099750616739,0.09297062919579588
@MikieSherrill,3,1.5,0,0,0,medium,1,-0.4551889168976828,-0.4387687993864882
@Julietteelo,3,3.25,-1,14,0,medium,1,-0.38287749757358863,-0.35873425127380404
@Justin_smith761,3,28.75,330,14,0,high,3,1.4937385226407196,0.38184357952355047
@MahmoudAlj22095,3,1.2,0,0,0,medium,1,-0.4629069185130187,-0.45499135822459186
@MagicNewton,3,1.5,0,0,0,medium,1,-0.4551889168976828,-0.4387687993864882
@yashar,3,1.5,0,0,0,medium,1,-0.4551889168976828,-0.4387687993864882
@yedi24yanki,3,195.0,1,0,0,high,9,4.526609695637185,10.022853132548507
@LongDesertTrain,3,8.0,0,0,0,high,1,-0.28796554856540574,-0.08728002456091065
@RichardWellings,3,2.0,0,0,0,medium,1,-0.44232558087212304,-0.4117312013229823
@transjewtalian,3,3.0,0,0,0,medium,1,-0.41659890882100353,-0.35765600519597035
@Ramos_claa,3,8.0,0,0,0,high,1,-0.28796554856540574,-0.08728002456091065
@Race2Extinct,3,1.5,0,0,0,medium,1,-0.4551889168976828,-0.4387687993864882
@maxfawcett,3,2.0,0,0,0,medium,1,-0.44232558087212304,-0.4117312013229823
@SarahNLynch,3,4.0,0,0,0,medium,1,-0.390872236769884,-0.3035808090689584
@Sandbagger_01,3,2.0,0,0,0,medium,1,-0.44232558087212304,-0.4117312013229823
@SacksDisa,3,3.0,0,0,0,medium,1,-0.41659890882100353,-0.35765600519597035
@SCMagazine,3,6.307692307692308,20,0,0,high,1,-0.2577515807102942,-0.21736226776604148
@Robyn_NSanders,3,7.0,0,0,0,high,1,-0.3136922206165253,-0.1413552206879226
@HansMahncke,3,1.5,0,0,0,medium,1,-0.4551889168976828,-0.4387687993864882
@Healthy_Mgz,3,3.5625,0,2,0,medium,1,-0.3977023252382673,-0.3295995021961552
@Nitin_Author,3,2.0,0,0,0,medium,1,-0.44232558087212304,-0.4117312013229823
@mitchcasspari,3,12.235294117647058,0,152,0,high,1,0.15731959634192366,-0.03767607093737832
@PardueSuzanne,3,3.0,0,0,0,medium,1,-0.41659890882100353,-0.35765600519597035
@PeterKellyBC,3,1.6666666666666667,0,0,0,medium,1,-0.4509011382224962,-0.4297562666986529
@deshawnmarie,3,16.5,4,0,0,high,1,-0.05453855355794993,0.36464506795142254
@detous,3,2.5,5,6,0,medium,1,-0.3977483999684444,-0.401418580933449
@devaramkelawan4,3,7.714285714285714,3,20,0,high,1,-0.2400000088247781,-0.1321235847389421
@rparmar_BC,3,1.5,0,0,0,medium,1,-0.4551889168976828,-0.4387687993864882
@rkmaurya_ra,3,1.7826086956521738,1,-28,0,medium,1,-0.5061853927783497,-0.39236406988090744
@America1stLegal,3,1.25,0,0,0,medium,1,-0.4616205849104627,-0.45228759841824123
@AmiDar,3,2.5,0,0,0,medium,1,-0.42946224484656326,-0.3846936032594763
@chrisjollyhale,3,3.0,0,0,0,medium,1,-0.41659890882100353,-0.35765600519597035
@climate,3,2.0,0,0,0,medium,1,-0.44232558087212304,-0.4117312013229823
@cryptojack,3,1.1,0,0,0,medium,1,-0.46547958571813064,-0.460398877837293
@saxshanti1,3,6.75,2,0,0,high,1,-0.3127487473428353,-0.15873105700330972
@radhikakad11484,3,20.0,0,0,0,high,1,0.020754516048028818,0.5616223289632326
@eric16_oates,3,1.46,39,20,0,medium,1,-0.2681494231537514,-0.5397519824787256
@prostockmarkets,3,1.3804347826086956,0,2,0,medium,1,-0.4538396014802483,-0.44759510678852094
@qwiket_nba,3,28.33333333333333,0,7,0,high,3,0.25063210674629327,1.0039861814792967
@ChrisbobZ6,3,16.6,0,0,0,high,1,-0.0667161689257776,0.37776666213139215
@jillpromoli,3,4.0,0,0,0,medium,1,-0.390872236769884,-0.3035808090689584
@global_combats,3,1.1384615384615384,0,28,0,medium,1,-0.40253547057580924,-0.49137019010444627
@bleak,3,6.8,65,69,0,high,1,0.07352844089587976,-0.35897139297763875
@bobhillbrain,3,4.75,2,0,0,medium,1,-0.3642020914450744,-0.2668814492573336
@DPACSheffield,3,1.2,0,0,0,medium,1,-0.4629069185130187,-0.45499135822459186
@NurseLJohn707,2,2.0,0,0,0,medium,1,-0.5675811751989808,-0.5816780113930808
@ghadaa231,2,1.2,0,0,0,medium,1,-0.5881625128398764,-0.6249381682946904
@wabbey,2,2.0,0,0,0,medium,1,-0.5675811751989808,-0.5816780113930808
@NiqabNancy,2,1.5,0,0,0,medium,1,-0.5804445112245405,-0.6087156094565868
@givegoodwood,2,2.0,1,1,0,medium,1,-0.5616809392787552,-0.5847869274457125
@HaltTrade,2,6.25,0,63,0,high,1,-0.318844906531308,-0.42622346473459694
@Hamadashoo,2,2.0,0,0,0,medium,1,-0.5675811751989808,-0.5816780113930808
@PalestineChron,2,1.5,0,0,0,medium,1,-0.5804445112245405,-0.6087156094565868
@PaliNewsNetwork,2,2.0,0,0,0,medium,1,-0.5675811751989808,-0.5816780113930808
@realpublicius,2,1.5,0,0,0,medium,1,-0.5804445112245405,-0.6087156094565868
@HaithamElmasri1,2,1.5,0,0,0,medium,1,-0.5804445112245405,-0.6087156094565868
@Charles21072004,2,1.09375,0,7,0,medium,1,-0.5754073148063729,-0.6389464397588874
@7thskycrap,2,2.0,0,0,0,medium,1,-0.5675811751989808,-0.5816780113930808
@wakeupnj,2,2.0,0,0,0,medium,1,-0.5675811751989808,-0.5816780113930808
@walidmahmodrouk,2,2.0,0,0,0,medium,1,-0.5675811751989808,-0.5816780113930808
@no_filter_Yamba,2,2.0,0,0,0,medium,1,-0.5675811751989808,-0.5816780113930808
@OctaWorldwide,2,3.0,0,0,0,medium,1,-0.5418545031478612,-0.5276028152660689
@AnastasiaA99469,2,2.0,0,0,0,medium,1,-0.5675811751989808,-0.5816780113930808
@OngManley,2,2.0,0,0,0,medium,1,-0.5675811751989808,-0.5816780113930808
@Harri_Est,2,5.0,0,0,0,medium,1,-0.49040115904562215,-0.41945242301204494
@Analyst_G,2,1.3333333333333333,0,0,0,medium,1,-0.5847322898997271,-0.6177281421444222
@My_My_Johnson,2,2.1818181818181817,7,117,0,medium,1,-0.2782087665518561,-0.7234522851098284
@HuffPost,2,1.5,0,0,0,medium,1,-0.5804445112245405,-0.6087156094565868
@IGU_Andrew,2,1.1571428571428573,0,-8,0,medium,1,-0.6069664067151358,-0.6178124974136173
@MouthieMountie,2,5.0,0,0,0,medium,1,-0.49040115904562215,-0.41945242301204494
@halfpint9606,2,2.0,0,0,0,medium,1,-0.5675811751989808,-0.5816780113930808
@BSonblast,2,2.0,0,0,0,medium,1,-0.5675811751989808,-0.5816780113930808
@mtzmtr73902,2,2.0,0,0,0,medium,1,-0.5675811751989808,-0.5816780113930808
@CayXBT,2,2.0,0,0,0,medium,1,-0.5675811751989808,-0.5816780113930808
@5ohal,2,2.727272727272727,0,0,0,medium,1,-0.548870868252712,-0.5423505960279812
@Heroiam_Slava,2,1.5,0,0,0,medium,1,-0.5804445112245405,-0.6087156094565868
@gomichild,2,2.0,0,0,0,medium,1,-0.5675811751989808,-0.5816780113930808
@NellSusss,2,5.0,0,0,0,medium,1,-0.49040115904562215,-0.41945242301204494
@HockeyCanada,2,2.0,0,0,0,medium,1,-0.5675811751989808,-0.5816780113930808
@HomanNews,2,2.0,0,0,0,medium,1,-0.5675811751989808,-0.5816780113930808
@arviman3,2,2.0,0,0,0,medium,1,-0.5675811751989808,-0.5816780113930808
@RachelCDailey,2,1.3333333333333333,0,0,0,medium,1,-0.5847322898997271,-0.6177281421444222
@michaelt5656,2,1.5,0,0,0,medium,1,-0.5804445112245405,-0.6087156094565868
@ok_post_guy,2,3.0,0,0,0,medium,1,-0.5418545031478612,-0.5276028152660689
@ReadeAlexandra,2,2.0,0,0,0,medium,1,-0.5675811751989808,-0.5816780113930808
@univrsle,2,1.5,0,0,0,medium,1,-0.5804445112245405,-0.6087156094565868
@GichuhoMungai,2,2.0,0,0,0,medium,1,-0.5675811751989808,-0.5816780113930808
@GigiLevangie,2,2.0,0,0,0,medium,1,-0.5675811751989808,-0.5816780113930808
@redsarah99,2,2.0,0,0,0,medium,1,-0.5675811751989808,-0.5816780113930808
@GamingBlomp,2,2.0,0,0,0,medium,1,-0.5675811751989808,-0.5816780113930808
@trisha_g223,2,2.0,0,0,0,medium,1,-0.5675811751989808,-0.5816780113930808
@RealLyndaCarter,2,2.0,0,0,0,medium,1,-0.5675811751989808,-0.5816780113930808
@redhotcyber,2,1.7083333333333333,1,45,0,medium,1,-0.4718272797727405,-0.6524963457252648
@redgeo,2,3.0,0,0,0,medium,1,-0.5418545031478612,-0.5276028152660689
@BullishBanterS,2,8.833333333333334,0,27,0,high,1,-0.3320402870375813,-0.24403490128382546
@GeauxSeeTheLady,2,2.0,0,0,0,medium,1,-0.5675811751989808,-0.5816780113930808
@gaspworld,2,2.0,1,2,0,medium,1,-0.5594682740017645,-0.5859673248565271
@athyy_9,2,1.675,-1,-40,0,medium,1,-0.6681365253384579,-0.5501080350599604
@blkprofcct,2,2.0,0,0,0,medium,1,-0.5675811751989808,-0.5816780113930808
@Pl4ntbased,2,1.5,0,0,0,medium,1,-0.5804445112245405,-0.6087156094565868
@PlayBoiNewz,2,3.0,0,0,0,medium,1,-0.5418545031478612,-0.5276028152660689
@PattyMurray,2,1.5,0,0,0,medium,1,-0.5804445112245405,-0.6087156094565868
@PeteRicketts,2,2.0,0,0,0,medium,1,-0.5675811751989808,-0.5816780113930808
@PsuLionInsider,2,1.2,4,95,0,medium,1,-0.3632090289528193,-0.7447899968893413
@fjimenezmotte,2,2.0,8,9,0,medium,1,-0.518166622560185,-0.6077297372249485
@GrandpaHarris65,2,2.0,0,0,0,medium,1,-0.5675811751989808,-0.5816780113930808
@PreetiRel,2,1.5,0,0,0,medium,1,-0.5804445112245405,-0.6087156094565868
@PressTV,2,1.2307692307692308,0,0,0,medium,1,-0.5873709229306112,-0.6232743161061669
@fred_guttenberg,2,2.0,0,0,0,medium,1,-0.5675811751989808,-0.5816780113930808
@neontaster,2,2.0,0,0,0,medium,1,-0.5675811751989808,-0.5816780113930808
@jannarden,2,2.0,0,0,0,medium,1,-0.5675811751989808,-0.5816780113930808
@ipl_debate,2,2.4615384615384617,54,24,0,medium,1,-0.30347454517753963,-0.6891897730829003
@JamesFLoveIV,2,6.0,0,0,0,high,1,-0.4646744869945026,-0.365377226885033
@LawyerAdamHouda,2,2.0,0,0,0,medium,1,-0.5675811751989808,-0.5816780113930808
@LeagueFreak,2,3.0,0,0,0,medium,1,-0.5418545031478612,-0.5276028152660689
@LegionHoops,2,3.0,0,0,0,medium,1,-0.5418545031478612,-0.5276028152660689
@indica,2,5.0,0,0,0,medium,1,-0.49040115904562215,-0.41945242301204494
@JONDONI_CRYPTO,2,2.186311787072244,185,151,0,medium,1,0.45352503287034296,-1.1066191227355306
@jbtwickens,2,3.0,0,0,0,medium,1,-0.5418545031478612,-0.5276028152660689
@CWitvrouwen,2,2.0,0,0,0,medium,1,-0.5675811751989808,-0.5816780113930808
@inartfairNYK,2,1.2923076923076924,6,0,0,medium,1,-0.5636623192526712,-0.6315177235800224
@JagrupBrar1,2,2.0,0,0,0,medium,1,-0.5675811751989808,-0.5816780113930808
@LizCrokin,2,3.0,0,0,0,medium,1,-0.5418545031478612,-0.5276028152660689
@CTVVancouver,2,2.0,0,0,0,medium,1,-0.5675811751989808,-0.5816780113930808
@javerias,2,2.0,0,0,0,medium,1,-0.5675811751989808,-0.5816780113930808
@jasonlavin,2,2.0,0,0,0,medium,1,-0.5675811751989808,-0.5816780113930808
@istschan,2,2.0,0,0,0,medium,1,-0.5675811751989808,-0.5816780113930808
@KKTCbetofficial,2,3.393939393939394,0,1,0,medium,1,-0.529507088274975,-0.5074808626874545
@JohnCDavisMusic,2,2.0,0,0,0,medium,1,-0.5675811751989808,-0.5816780113930808
@jackvlloyd,2,2.0,0,0,0,medium,1,-0.5675811751989808,-0.5816780113930808
Yan is GIRL SO CONFUSING @ CONCLAVE,2,2.0,0,0,0,medium,1,-0.5675811751989808,-0.5816780113930808
@0xGumshoe,2,2.0,0,0,0,medium,1,-0.5675811751989808,-0.5816780113930808
@Jaybefaunt,2,2.0,0,0,0,medium,1,-0.5675811751989808,-0.5816780113930808
@Kkjj296779Kkjj,2,2.0,0,0,0,medium,1,-0.5675811751989808,-0.5816780113930808
@profplum99,2,2.0,0,0,0,medium,1,-0.5675811751989808,-0.5816780113930808
@KamalaHQ,2,2.0,0,0,0,medium,1,-0.5675811751989808,-0.5816780113930808
@yieldsearcher,2,2.0,0,0,0,medium,1,-0.5675811751989808,-0.5816780113930808
@KevinVuongxMP,2,2.0,0,0,0,medium,1,-0.5675811751989808,-0.5816780113930808
@KathrynMathias1,2,2.0,0,0,0,medium,1,-0.5675811751989808,-0.5816780113930808
@JeffreyRWRath,2,3.0,0,0,0,medium,1,-0.5418545031478612,-0.5276028152660689
@MeghUpdates,2,2.0,0,0,0,medium,1,-0.5675811751989808,-0.5816780113930808
@Ibnalbarrr,2,4.1,1,0,45,medium,8,-2.0993169781955148,1.028914562368822
@hkdc_us,2,3.0,0,0,0,medium,1,-0.5418545031478612,-0.5276028152660689
@wlwLeoanzu,2,4.125,9,52,0,medium,1,-0.36466526689772055,-0.545505552761891
@2waytvapp,2,2.0,0,0,0,medium,1,-0.5675811751989808,-0.5816780113930808
@McrDPAC,2,1.5,0,0,0,medium,1,-0.5804445112245405,-0.6087156094565868
@MeachamDr,2,1.5,0,0,0,medium,1,-0.5804445112245405,-0.6087156094565868
@Mediaite,2,2.0,0,0,0,medium,1,-0.5675811751989808,-0.5816780113930808
@MmokomabasiJ,2,2.0,0,0,0,medium,1,-0.5675811751989808,-0.5816780113930808
@heavyed65,2,4.5,-1655,5,0,medium,11,-6.595130583240027,2.739306344077626
@ILA_NewsX,2,1.6666666666666667,0,0,0,medium,1,-0.576156732549354,-0.5997030767687515
@INDIEWASHERE,2,2.0,0,0,0,medium,1,-0.5675811751989808,-0.5816780113930808
@Monetaryguy589,2,2.0,0,0,0,medium,1,-0.5675811751989808,-0.5816780113930808
@Mike_Honey_,2,2.0,0,0,0,medium,1,-0.5675811751989808,-0.5816780113930808
@CarlBovisNature,2,2.0,0,0,0,medium,1,-0.5675811751989808,-0.5816780113930808
@Carinanq1,2,2.0,-15,-23,0,medium,1,-0.6737860362182909,-0.5256010913170901
@sfcshepherd2,2,2.0,0,0,0,medium,1,-0.5675811751989808,-0.5816780113930808
@barry_halverson,2,2.0,0,0,0,medium,1,-0.5675811751989808,-0.5816780113930808
@xDora_ai,2,1.3333333333333333,0,0,0,medium,1,-0.5847322898997271,-0.6177281421444222
@MadDogBrit,2,2.0,0,0,0,medium,1,-0.5675811751989808,-0.5816780113930808
@ralakbar,2,2.0,0,0,0,medium,1,-0.5675811751989808,-0.5816780113930808
@InvariantPersp1,2,5.25,9,12,0,high,1,-0.42422937191983945,-0.4374550606864202
@MarketProphit,2,18.0,0,0,0,high,1,-0.15595442238106802,0.28352512663911034
@InfiniteWorm,2,3.0,0,0,0,medium,1,-0.5418545031478612,-0.5276028152660689
@xntrix2022,2,12.0,59,54,-28,high,1,1.0157268666321149,-1.1511383113971736
@shalimar_street,2,3.0,0,0,0,medium,1,-0.5418545031478612,-0.5276028152660689
@hosun_chung,2,1.5,0,0,0,medium,1,-0.5804445112245405,-0.6087156094565868
@MannieMighty1,2,1.6666666666666667,0,0,0,medium,1,-0.576156732549354,-0.5997030767687515
@icantell10,2,2.0,2,27,0,medium,1,-0.5004640714337618,-0.6174057787687081
@InvestingCanons,2,1.5,0,0,0,medium,1,-0.5804445112245405,-0.6087156094565868
@ayusha258,2,2.0,0,0,0,medium,1,-0.5675811751989808,-0.5816780113930808
@MarkJCurran,2,2.0,0,0,0,medium,1,-0.5675811751989808,-0.5816780113930808
@cryptoalexreal,2,13.875,0,569,0,high,1,0.9969295980157775,-0.6111811841382957
@cosmocatoo,2,2.0,0,0,0,medium,1,-0.5675811751989808,-0.5816780113930808
@colonelhogans,2,1.3333333333333333,0,0,0,medium,1,-0.5847322898997271,-0.6177281421444222
@CrazyVibes_1,2,2.0,0,0,0,medium,1,-0.5675811751989808,-0.5816780113930808
@looselyrelevant,2,2.0,0,0,0,medium,1,-0.5675811751989808,-0.5816780113930808
@lista_dao,2,2.0,0,0,0,medium,1,-0.5675811751989808,-0.5816780113930808
@stphnmaher,2,1.5,0,0,0,medium,1,-0.5804445112245405,-0.6087156094565868
@Coste1Costello,2,1.3333333333333333,0,0,0,medium,1,-0.5847322898997271,-0.6177281421444222
@TomCruise,2,1.5,0,0,0,medium,1,-0.5804445112245405,-0.6087156094565868
@straightozero,2,3.0,0,0,0,medium,1,-0.5418545031478612,-0.5276028152660689
@Use_Yandex,2,2.0,0,0,0,medium,1,-0.5675811751989808,-0.5816780113930808
@DrAsifOfficial,2,2.0,0,0,0,medium,1,-0.5675811751989808,-0.5816780113930808
@osstf,2,2.0,0,0,0,medium,1,-0.5675811751989808,-0.5816780113930808
@paulapeters2,2,4.0,0,0,0,medium,1,-0.5161278310967417,-0.4735276191390569
@UNGeneva,2,1.25,0,0,0,medium,1,-0.5868761792373204,-0.6222344084883398
@USAFDoc7,2,1.5,0,0,0,medium,1,-0.5804445112245405,-0.6087156094565868
@DA_LarryKrasner,2,2.0,0,0,0,medium,1,-0.5675811751989808,-0.5816780113930808
@pjd3733,2,2.0,0,0,0,medium,1,-0.5675811751989808,-0.5816780113930808
@luluonti,2,2.433333333333333,1,19,0,medium,1,-0.5107047397374374,-0.5826014958520026
@darkjournalist,2,1.25,0,0,0,medium,1,-0.5868761792373204,-0.6222344084883398
@TheMoonCarl,2,2.0,0,0,0,medium,1,-0.5675811751989808,-0.5816780113930808
@EddeRoger,2,4.0,0,0,0,medium,1,-0.5161278310967417,-0.4735276191390569
@Daniel_E_Park,2,3.0,0,0,0,medium,1,-0.5418545031478612,-0.5276028152660689
@samj_jane,2,2.0,0,0,0,medium,1,-0.5675811751989808,-0.5816780113930808
@Dukeygotit,2,1.5675675675675675,0,28,0,medium,1,-0.5167515948166981,-0.638113007491353
@BourdoPeggy,2,3.0,0,0,0,medium,1,-0.5418545031478612,-0.5276028152660689
@TheSpinFixer,2,11.76923076923077,0,1,0,high,1,-0.31403871373028364,-0.054585338947701664
@BoldlygoSeattle,2,1.625,56,51,0,medium,1,-0.25787879207046877,-0.7701535218340085
@cb_grl,2,2.0,0,0,0,medium,1,-0.5675811751989808,-0.5816780113930808
@caslernoel,2,3.0,0,0,0,medium,1,-0.5418545031478612,-0.5276028152660689
@DeesaRoberts,2,2.0,0,0,0,medium,1,-0.5675811751989808,-0.5816780113930808
@DiMartinoBooth,2,1.5,0,0,0,medium,1,-0.5804445112245405,-0.6087156094565868
@Yusuf_Faqiri,2,2.0,0,0,0,medium,1,-0.5675811751989808,-0.5816780113930808
@ZarinaZabrisky,2,2.0,0,0,0,medium,1,-0.5675811751989808,-0.5816780113930808
@karma44921039,2,2.0,0,0,0,medium,1,-0.5675811751989808,-0.5816780113930808
@Davincij15,2,2.0,0,0,0,medium,1,-0.5675811751989808,-0.5816780113930808
@CupofJoeintheD2,2,2.0,0,0,0,medium,1,-0.5675811751989808,-0.5816780113930808
@DavidWSWSarts,2,2.0,0,0,0,medium,1,-0.5675811751989808,-0.5816780113930808
@picks_joy,2,5.193548387096774,4,13,0,high,1,-0.44190687199094136,-0.43204549692757754
@clankfun,2,2.0,0,0,0,medium,1,-0.5675811751989808,-0.5816780113930808
@lawandorderto,2,2.0,0,0,0,medium,1,-0.5675811751989808,-0.5816780113930808
@Doctor_Fill,2,2.0,0,0,0,medium,1,-0.5675811751989808,-0.5816780113930808
@VioletDante,2,4.0,0,0,0,medium,1,-0.5161278310967417,-0.4735276191390569
@WDelmasH,2,2.0,0,0,0,medium,1,-0.5675811751989808,-0.5816780113930808
@Ahmad_Salman_T,2,2.0,0,0,0,medium,1,-0.5675811751989808,-0.5816780113930808
@DonnaLouise1212,2,2.0,0,0,0,medium,1,-0.5675811751989808,-0.5816780113930808
@WPLGLocal10,2,3.0,0,0,0,medium,1,-0.5418545031478612,-0.5276028152660689
@stefen_rosner,2,2.0,0,0,0,medium,1,-0.5675811751989808,-0.5816780113930808
@jxwaly,2,2.0,0,0,0,medium,1,-0.5675811751989808,-0.5816780113930808
@DonaldBestCA,2,3.0,0,0,0,medium,1,-0.5418545031478612,-0.5276028152660689
@Diana_Gibson_BC,2,2.0,0,0,0,medium,1,-0.5675811751989808,-0.5816780113930808
@chainlink,2,2.0,0,0,0,medium,1,-0.5675811751989808,-0.5816780113930808
@speakoutsister,2,1.5,0,0,0,medium,1,-0.5804445112245405,-0.6087156094565868
@CryptoKaleo,2,2.0,0,0,0,medium,1,-0.5675811751989808,-0.5816780113930808
@stacycay,2,2.0,0,0,0,medium,1,-0.5675811751989808,-0.5816780113930808
@WolfGreenwood,2,2.0,0,0,0,medium,1,-0.5675811751989808,-0.5816780113930808
@BoSnerdley,2,2.0,0,0,0,medium,1,-0.5675811751989808,-0.5816780113930808
@DingerBetTips,2,3.0454545454545454,0,86,3,medium,1,-0.45635918747232646,-0.5267281504333355
@k1myojong,2,2.0,0,0,0,medium,1,-0.5675811751989808,-0.5816780113930808
@WevolverApp,2,2.0,0,0,0,medium,1,-0.5675811751989808,-0.5816780113930808
@WinJose8,2,4.0,0,1,0,medium,1,-0.5139151658197509,-0.47470801654987144
@Daniel7Prinsloo,2,2.0,0,0,0,medium,1,-0.5675811751989808,-0.5816780113930808
@anjewla90,2,2.0,0,0,0,medium,1,-0.5675811751989808,-0.5816780113930808
@ClaFrancavilla,2,5.0,0,0,0,medium,1,-0.49040115904562215,-0.41945242301204494
@SMWKaduna,2,2.0,0,0,0,medium,1,-0.5675811751989808,-0.5816780113930808
@FjRoebersen,2,1.3333333333333333,0,0,0,medium,1,-0.5847322898997271,-0.6177281421444222
@duaazhar98,2,2.0,0,0,0,medium,1,-0.5675811751989808,-0.5816780113930808
@aniaalicia,2,2.0,0,0,0,medium,1,-0.5675811751989808,-0.5816780113930808
@thgreatdeceiver,2,2.0,0,0,0,medium,1,-0.5675811751989808,-0.5816780113930808
@martinwalsh__,2,2.0,0,0,0,medium,1,-0.5675811751989808,-0.5816780113930808
@mattyglesias,2,1.5,0,0,0,medium,1,-0.5804445112245405,-0.6087156094565868
@ScienceAlert,2,1.5,0,0,0,medium,1,-0.5804445112245405,-0.6087156094565868
@SeeRacists,2,1.5,0,0,0,medium,1,-0.5804445112245405,-0.6087156094565868
@SenAlexPadilla,2,2.0,0,0,0,medium,1,-0.5675811751989808,-0.5816780113930808
@Christi62820210,2,2.0,0,0,0,medium,1,-0.5675811751989808,-0.5816780113930808
@GBailey_Noah,2,2.0,0,0,0,medium,1,-0.5675811751989808,-0.5816780113930808
@GLAndresen,2,2.0,0,0,0,medium,1,-0.5675811751989808,-0.5816780113930808
@fad_shu,2,2.0,0,0,0,medium,1,-0.5675811751989808,-0.5816780113930808
@mcuban,2,2.0,0,0,0,medium,1,-0.5675811751989808,-0.5816780113930808
@Rimmesfk,2,2.0,0,0,0,medium,1,-0.5675811751989808,-0.5816780113930808
@bo66ie29,2,2.0,0,0,0,medium,1,-0.5675811751989808,-0.5816780113930808
@ChristinaPushaw,2,2.0,0,0,0,medium,1,-0.5675811751989808,-0.5816780113930808
@GVWire,2,2.0,0,0,0,medium,1,-0.5675811751989808,-0.5816780113930808
@ChristineMilne,2,2.0,0,0,0,medium,1,-0.5675811751989808,-0.5816780113930808
@timsstocklists,2,8.55,12,12,0,high,1,-0.3282686422214401,-0.264792469392732
@RogerGustafsso2,2,4.0,0,0,0,medium,1,-0.5161278310967417,-0.4735276191390569
@ewarren,2,2.0,0,0,0,medium,1,-0.5675811751989808,-0.5816780113930808
@ewallacta,2,3.0,19,58,0,medium,1,-0.34345607486093654,-0.6327077192878375
@everywhere,2,2.0,0,0,0,medium,1,-0.5675811751989808,-0.5816780113930808
@AmUmbria,2,2.0,0,0,0,medium,1,-0.5675811751989808,-0.5816780113930808
@Enezator,2,3.0,0,0,0,medium,1,-0.5418545031478612,-0.5276028152660689
@TMomPhotography,2,2.0,0,0,0,medium,1,-0.5675811751989808,-0.5816780113930808
@ColinDMello,2,2.0,0,0,0,medium,1,-0.5675811751989808,-0.5816780113930808
@tekkersfoot,2,3.0,0,0,0,medium,1,-0.5418545031478612,-0.5276028152660689
@SudaneseEcho,2,2.0,0,0,0,medium,1,-0.5675811751989808,-0.5816780113930808
@the_newsmen,2,2.0,-2,-5,0,medium,1,-0.5860196428704041,-0.571918987055374
@thebloodpac,2,1.5,0,0,0,medium,1,-0.5804445112245405,-0.6087156094565868
@detachdaily,2,1.4,0,0,0,medium,1,-0.5830171784296525,-0.614123129069288
@AdamBLiv,2,1.6666666666666667,0,0,0,medium,1,-0.576156732549354,-0.5997030767687515
@rosieDoc2,2,2.0,0,0,0,medium,1,-0.5675811751989808,-0.5816780113930808
@BrisMarSci,2,2.0,0,0,0,medium,1,-0.5675811751989808,-0.5816780113930808
@detresfa_,2,2.5,0,0,0,medium,1,-0.554717839173421,-0.5546404133295748
@TallyTheGazawi,2,1.5,0,0,0,medium,1,-0.5804445112245405,-0.6087156094565868
@APTNNews,2,2.0,0,0,0,medium,1,-0.5675811751989808,-0.5816780113930808
@SoapOperaNewss,2,1.5,0,0,0,medium,1,-0.5804445112245405,-0.6087156094565868
@SofritoLatin,2,2.0,0,0,0,medium,1,-0.5675811751989808,-0.5816780113930808
@ShaiDavidai,2,2.0,0,0,0,medium,1,-0.5675811751989808,-0.5816780113930808
@SheisBee,2,4.0,0,0,0,medium,1,-0.5161278310967417,-0.4735276191390569
@AsaWinstanley,2,1.3333333333333333,0,0,0,medium,1,-0.5847322898997271,-0.6177281421444222
@Shrink_at_Large,2,3.0,0,0,0,medium,1,-0.5418545031478612,-0.5276028152660689
@ClubConcrave,2,1.5,0,0,0,medium,1,-0.5804445112245405,-0.6087156094565868
@thejuicemedia,2,2.0,0,0,0,medium,1,-0.5675811751989808,-0.5816780113930808
@StarAdvertiser,2,2.0,0,0,0,medium,1,-0.5675811751989808,-0.5816780113930808
@jruss_jruss,2,2.0,0,0,0,medium,1,-0.5675811751989808,-0.5816780113930808
@SteveKaylaGroup,2,2.0,0,0,0,medium,1,-0.5675811751989808,-0.5816780113930808
@StevenBeynon,2,2.0,0,0,0,medium,1,-0.5675811751989808,-0.5816780113930808
@EyeonLebanon,2,10.384615384615383,0,1,0,high,1,-0.34966025964721853,-0.12945868743125682
@sillymusicqueen,2,2.0,0,0,0,medium,1,-0.5675811751989808,-0.5816780113930808
@theintercept,2,2.0,0,0,0,medium,1,-0.5675811751989808,-0.5816780113930808
@AUTHENCHECK,2,4.32258064516129,-2,18,-139,medium,4,4.434256473685162,-5.103604836810484
@John_Fanta,1,2.0,0,0,0,medium,1,-0.6928367695258384,-0.7516248214631793
@JosephPolitano,1,2.0,0,0,0,medium,1,-0.6928367695258384,-0.7516248214631793
@JulietteBryant,1,2.0,0,0,0,medium,1,-0.6928367695258384,-0.7516248214631793
@JasonPWBTV,1,2.0,0,0,0,medium,1,-0.6928367695258384,-0.7516248214631793
@LateNightSeth,1,2.0,0,0,0,medium,1,-0.6928367695258384,-0.7516248214631793
@JamesLucasIT,1,2.0,0,0,0,medium,1,-0.6928367695258384,-0.7516248214631793
@LizWebsterSBF,1,2.0,0,0,0,medium,1,-0.6928367695258384,-0.7516248214631793
@Luxjewely,1,2.0,0,99,0,medium,1,-0.4737829071037582,-0.8684841651338203
@JBMEquiFarms,1,2.0,0,0,0,medium,1,-0.6928367695258384,-0.7516248214631793
@MNPDNashville,1,2.0,0,0,0,medium,1,-0.6928367695258384,-0.7516248214631793
@Marcopolo177,1,2.0,0,0,0,medium,1,-0.6928367695258384,-0.7516248214631793
@MartienBall,1,1.5,0,0,0,medium,1,-0.7057001055513982,-0.7786624195266852
@Marwa__Osman,1,2.0,0,0,0,medium,1,-0.6928367695258384,-0.7516248214631793
@ImagesByJonEvan,1,2.0,0,0,0,medium,1,-0.6928367695258384,-0.7516248214631793
@Messi92256247,1,1.0588235294117647,8,6,0,medium,1,-0.6742735511190685,-0.825029657299791
@MiddleEast01,1,1.5,0,0,0,medium,1,-0.7057001055513982,-0.7786624195266852
@ISinkovits,1,3.0,0,0,0,medium,1,-0.6671100974747188,-0.6975496253361674
@MorgothsReview,1,2.0,0,0,0,medium,1,-0.6928367695258384,-0.7516248214631793
@IIIDeaton,1,2.0,0,0,0,medium,1,-0.6928367695258384,-0.7516248214631793
@MySoctr,1,5.766666666666667,0,78,0,high,1,-0.4233450798613462,-0.6400125807616364
@NIHDirector_Jay,1,2.0,0,0,0,medium,1,-0.6928367695258384,-0.7516248214631793
@NORTHSTAR112025,1,2.6666666666666665,0,-1,0,medium,1,-0.6778983201020827,-0.7143942933010234
@HoopMixOnly,1,1.5,0,0,0,medium,1,-0.7057001055513982,-0.7786624195266852
@HonestReporting,1,6.0,0,0,0,high,1,-0.5899300813213603,-0.5353240369551315
@NidaFatimaZaidi,1,2.0,0,0,0,medium,1,-0.6928367695258384,-0.7516248214631793
@Nickfromupnorth,1,3.0,0,0,0,medium,1,-0.6671100974747188,-0.6975496253361674
@NoahGairn,1,2.0,0,0,0,medium,1,-0.6928367695258384,-0.7516248214631793
@NoaLevi07102023,1,6.588235294117647,0,9,0,high,1,-0.5548827573277852,-0.5141386747542203
@Hayess5178,1,2.0,0,0,0,medium,1,-0.6928367695258384,-0.7516248214631793
@OwenShroyer1776,1,3.0,0,0,0,medium,1,-0.6671100974747188,-0.6975496253361674
@OutlawsPoetic,1,2.0,0,0,0,medium,1,-0.6928367695258384,-0.7516248214631793
@PDChina,1,2.0,0,0,0,medium,1,-0.6928367695258384,-0.7516248214631793
@PTVBreaking1,1,3.0,0,0,0,medium,1,-0.6671100974747188,-0.6975496253361674
@PTI_News,1,6.0,0,0,0,high,1,-0.5899300813213603,-0.5353240369551315
@PTElephant,1,3.0,0,0,0,medium,1,-0.6671100974747188,-0.6975496253361674
@GuidoFawkes,1,2.0,0,0,0,medium,1,-0.6928367695258384,-0.7516248214631793
@GreatLakesPeck,1,2.0,0,0,0,medium,1,-0.6928367695258384,-0.7516248214631793
@GovtofPakistan,1,2.0,0,0,0,medium,1,-0.6928367695258384,-0.7516248214631793
@PointerTuck,1,2.0,0,0,0,medium,1,-0.6928367695258384,-0.7516248214631793
@Protect_Wldlife,1,2.0,0,0,0,medium,1,-0.6928367695258384,-0.7516248214631793
@ProtectTheWild_,1,1.5,0,0,0,medium,1,-0.7057001055513982,-0.7786624195266852
@PunkDaGod,1,2.0,0,0,0,medium,1,-0.6928367695258384,-0.7516248214631793
@GoalsXtra,1,2.0,0,0,0,medium,1,-0.6928367695258384,-0.7516248214631793
@RNAO,1,2.0,0,0,0,medium,1,-0.6928367695258384,-0.7516248214631793
@RINO_Removal,1,2.0,0,0,0,medium,1,-0.6928367695258384,-0.7516248214631793
@ROCKETMANVIC,1,3.0,0,0,0,medium,1,-0.6671100974747188,-0.6975496253361674
@RaymondLeBlanc,1,3.0,0,0,0,medium,1,-0.6671100974747188,-0.6975496253361674
@GeoPioneerInc,1,2.0,0,0,0,medium,1,-0.6928367695258384,-0.7516248214631793
@GeneralHospital,1,2.0,0,0,0,medium,1,-0.6928367695258384,-0.7516248214631793
@Gabby_Recvry,1,2.5866666666666664,-16,-41,0,medium,1,-0.8274641952375595,-0.6406481142895292
@Rhi1012946Rhi,1,2.0,0,0,0,medium,1,-0.6928367695258384,-0.7516248214631793
@RichRaho,1,6.0,0,0,0,high,1,-0.5899300813213603,-0.5353240369551315
@FreshmenUniver1,1,2.0,0,0,0,medium,1,-0.6928367695258384,-0.7516248214631793
@Ronald_vanLoon,1,2.0,0,0,0,medium,1,-0.6928367695258384,-0.7516248214631793
@RoyalPicks_com,1,6.484848484848484,176,16,0,high,1,0.10695853428401683,-0.8674113995779023
@SMO_VZ,1,2.0,0,0,0,medium,1,-0.6928367695258384,-0.7516248214631793
@SRQSmartyPints,1,2.0,0,0,0,medium,1,-0.6928367695258384,-0.7516248214631793
@FinTech_Series,1,14.0,0,12,0,high,1,-0.3575647215885153,-0.11688723686881058
@SanasBucket,1,2.0,0,0,0,medium,1,-0.6928367695258384,-0.7516248214631793
@FifaGess,1,1.5625,0,0,0,medium,1,-0.7040921885482032,-0.7752827197687471
@SawyerMerritt,1,2.0,0,0,0,medium,1,-0.6928367695258384,-0.7516248214631793
@SeanMcCarthyCom,1,2.0,0,0,0,medium,1,-0.6928367695258384,-0.7516248214631793
@SergeSasseville,1,3.333333333333333,-1,-7,0,medium,1,-0.6777107677065155,-0.6693332594429778
@ShellShell6666,1,2.0,0,0,0,medium,1,-0.6928367695258384,-0.7516248214631793
@SimoninSuffolk,1,2.0,0,0,0,medium,1,-0.6928367695258384,-0.7516248214631793
@FCBarcelona,1,3.0,0,0,0,medium,1,-0.6671100974747188,-0.6975496253361674
@FBIWFO,1,2.0,0,0,0,medium,1,-0.6928367695258384,-0.7516248214631793
@EuropaLeague,1,2.0,0,0,0,medium,1,-0.6928367695258384,-0.7516248214631793
@StacksAsiaOrg,1,1.5,0,0,0,medium,1,-0.7057001055513982,-0.7786624195266852
@EuromaidanPress,1,2.5,0,0,0,medium,1,-0.6799734335002786,-0.7245872233996733
@EthHackingNews,1,5.380952380952381,0,0,0,high,1,-0.6058561164006248,-0.5687991583670913
@TAPNYACC,1,2.0,0,0,0,medium,1,-0.6928367695258384,-0.7516248214631793
@THemingford,1,1.3333333333333333,0,0,0,medium,1,-0.7099878842265848,-0.7876749522145207
@TCyberCast,1,1.6,2,16,0,medium,1,-0.6603496526279651,-0.7959982957706512
@TheAthletic,1,2.0,0,0,0,medium,1,-0.6928367695258384,-0.7516248214631793
@TinaZimmermann4,1,1.5,0,0,0,medium,1,-0.7057001055513982,-0.7786624195266852
@Dreamweaver_40,1,18.0,260,37,0,high,1,0.7594269657818108,-0.43151123450356477
@Transform_Sec,1,3.6,2,5,0,medium,1,-0.6332356265726237,-0.6748635319976672
@Truthpolex,1,2.0,0,0,0,medium,1,-0.6928367695258384,-0.7516248214631793
@Tyler07704486,1,2.0,0,0,0,medium,1,-0.6928367695258384,-0.7516248214631793
@DrNancyOlivieri,1,2.0,0,0,0,medium,1,-0.6928367695258384,-0.7516248214631793
@USABaseball,1,2.0,0,0,0,medium,1,-0.6928367695258384,-0.7516248214631793
@UnspinRoom,1,2.0,0,0,0,medium,1,-0.6928367695258384,-0.7516248214631793
@VancouverSun,1,1.5,0,0,0,medium,1,-0.7057001055513982,-0.7786624195266852
@VirgilWalkerOMA,1,2.0,0,0,0,medium,1,-0.6928367695258384,-0.7516248214631793
@WAFANewsEnglish,1,2.0,0,0,0,medium,1,-0.6928367695258384,-0.7516248214631793
@WellensRog,1,2.0,0,0,0,medium,1,-0.6928367695258384,-0.7516248214631793
@WotTVSeries,1,2.0,0,0,0,medium,1,-0.6928367695258384,-0.7516248214631793
@DevBelalQassem,1,2.0,0,0,0,medium,1,-0.6928367695258384,-0.7516248214631793
@Zxcxz_xyz,1,8.454545454545455,1,-5,0,high,1,-0.5341585511194218,-0.3986205416856646
@_Revan38_,1,2.0,0,0,0,medium,1,-0.6928367695258384,-0.7516248214631793
@_Utdbaki,1,2.0,0,0,0,medium,1,-0.6928367695258384,-0.7516248214631793
@_vatsalasingh,1,4.0,0,0,0,medium,1,-0.6413834254235993,-0.6434744292091554
@aaronsibarium,1,2.0,0,0,0,medium,1,-0.6928367695258384,-0.7516248214631793
@alevai_kismet,1,2.0,0,0,0,medium,1,-0.6928367695258384,-0.7516248214631793
@alinarthealth,1,2.0,20,5,0,medium,1,-0.6080220302761864,-0.7960971813535936
@andrerserrano,1,4.0,0,0,0,medium,1,-0.6413834254235993,-0.6434744292091554
@Dalicar,1,2.0,0,0,0,medium,1,-0.6928367695258384,-0.7516248214631793
@D_B_Connect,1,2.0,0,0,0,medium,1,-0.6928367695258384,-0.7516248214631793
@bbuckley88,1,3.0,0,0,0,medium,1,-0.6671100974747188,-0.6975496253361674
@DCPoliceDept,1,1.5,0,0,0,medium,1,-0.7057001055513982,-0.7786624195266852
@cancivlib,1,2.0,0,0,0,medium,1,-0.6928367695258384,-0.7516248214631793
@carrotcottagerr,1,2.0,0,0,0,medium,1,-0.6928367695258384,-0.7516248214631793
@CryptooIndia,1,2.0,0,0,0,medium,1,-0.6928367695258384,-0.7516248214631793
@Cryptonite_TV,1,1.21875,0,0,0,medium,1,-0.7129357320657755,-0.7938710684374074
@ccthegoat22,1,2.0,0,0,0,medium,1,-0.6928367695258384,-0.7516248214631793
@CryptoSavingExp,1,1.3333333333333333,0,0,0,medium,1,-0.7099878842265848,-0.7876749522145207
@CryptoBac,1,2.0,0,0,0,medium,1,-0.6928367695258384,-0.7516248214631793
@citizengatsby,1,1.5,0,0,0,medium,1,-0.7057001055513982,-0.7786624195266852
@cmsrtwit,1,2.0,0,0,0,medium,1,-0.6928367695258384,-0.7516248214631793
@correct___score,1,4.204081632653061,188,15,0,medium,1,0.09032017589434932,-1.0127061407213478
@corixpartners,1,3.75,0,6,0,medium,1,-0.634539101774435,-0.6640756127057958
@crime_inc1,1,15.0,1,-13,0,high,1,-0.38346711081892865,-0.03523062411325191
@davidfrum,1,2.0,0,0,0,medium,1,-0.6928367695258384,-0.7516248214631793
@davetroy,1,2.0,0,0,0,medium,1,-0.6928367695258384,-0.7516248214631793
@deAdder,1,2.0,0,0,0,medium,1,-0.6928367695258384,-0.7516248214631793
@ColoursOfBharat,1,2.0,0,0,0,medium,1,-0.6928367695258384,-0.7516248214631793
@doctorpallavi,1,2.0,0,0,0,medium,1,-0.6928367695258384,-0.7516248214631793
@CoinMarketCap,1,2.0,0,0,0,medium,1,-0.6928367695258384,-0.7516248214631793
@fidelaculsan,1,2.0,0,0,0,medium,1,-0.6928367695258384,-0.7516248214631793
@fitnessgirls20,1,7.181818181818182,30,0,0,high,1,-0.44889871323662583,-0.5292725462413568
@gaintrade31,1,9.22222222222222,2,-2,0,high,1,-0.5040832162019312,-0.36257798078565373
@ChadamCinFan,1,2.0,0,0,0,medium,1,-0.6928367695258384,-0.7516248214631793
@goBetaverse,1,2.0610687022900764,1,27,0,medium,1,-0.6278361419274502,-0.7821217681434315
@gnr2525,1,2.0,0,7,0,medium,1,-0.6773481125869034,-0.7598876033388813
@CelticFC,1,2.5,0,0,0,medium,1,-0.6799734335002786,-0.7245872233996733
@guypbenson,1,2.0,0,0,0,medium,1,-0.6928367695258384,-0.7516248214631793
@gsrescueelite,1,1.3333333333333333,0,0,0,medium,1,-0.7099878842265848,-0.7876749522145207
@Carrie15458490,1,2.0,0,0,0,medium,1,-0.6928367695258384,-0.7516248214631793
@historyrock_,1,3.0,0,0,0,medium,1,-0.6671100974747188,-0.6975496253361674
@ibrahim7039,1,2.0,0,0,0,medium,1,-0.6928367695258384,-0.7516248214631793
@investlust_com,1,3.5625,0,-1,0,medium,1,-0.6548515097229548,-0.6659519301039086
@CHIGGINBASKET,1,2.0,6,94,0,medium,1,-0.4627208096293022,-0.87415328993065
@Byron_Wan,1,2.0,0,0,0,medium,1,-0.6928367695258384,-0.7516248214631793
@jherrerx,1,2.0,0,0,0,medium,1,-0.6928367695258384,-0.7516248214631793
@BrunellaCapitan,1,2.0,0,0,0,medium,1,-0.6928367695258384,-0.7516248214631793
@k1482,1,2.0,0,0,0,medium,1,-0.6928367695258384,-0.7516248214631793
@kadvani,1,2.0,0,0,0,medium,1,-0.6928367695258384,-0.7516248214631793
@BraveheartTV1,1,4.0,0,0,0,medium,1,-0.6413834254235993,-0.6434744292091554
@kharyp,1,2.0,0,0,0,medium,1,-0.6928367695258384,-0.7516248214631793
@ladylogic38,1,5.923076923076923,-1,5,0,high,1,-0.5845333003528046,-0.5434571358386959
@liz_hallett,1,2.0,0,0,0,medium,1,-0.6928367695258384,-0.7516248214631793
@Blake_Allen13,1,2.0,0,0,0,medium,1,-0.6928367695258384,-0.7516248214631793
@BlackAndNative1,1,2.0,0,0,0,medium,1,-0.6928367695258384,-0.7516248214631793
@magicianofmater,1,2.0,0,0,0,medium,1,-0.6928367695258384,-0.7516248214631793
@malkiersking,1,2.0,0,0,0,medium,1,-0.6928367695258384,-0.7516248214631793
@mahmoudfrompal,1,2.0,0,0,0,medium,1,-0.6928367695258384,-0.7516248214631793
@Binance_intern,1,2.0,0,0,0,medium,1,-0.6928367695258384,-0.7516248214631793
@BenMulroney,1,2.0,0,0,0,medium,1,-0.6928367695258384,-0.7516248214631793
@mhmmad_tariq,1,2.0,0,0,0,medium,1,-0.6928367695258384,-0.7516248214631793
@michaelschwab13,1,2.0,0,0,0,medium,1,-0.6928367695258384,-0.7516248214631793
@mithialdj,1,2.375,-1,0,0,medium,1,-0.6868768381499035,-0.7294181042737328
@Bancrypto__,1,2.0,0,0,0,medium,1,-0.6928367695258384,-0.7516248214631793
@BaltCoPolice,1,1.5,0,0,0,medium,1,-0.7057001055513982,-0.7786624195266852
@moncain_shop,1,2.0,0,44,0,medium,1,-0.5954794973382472,-0.8035623075390198
@motelabyss,1,1.5,0,0,0,medium,1,-0.7057001055513982,-0.7786624195266852
@myPotatoGames,1,2.0,0,0,0,medium,1,-0.6928367695258384,-0.7516248214631793
@multithinker,1,2.0,0,0,0,medium,1,-0.6928367695258384,-0.7516248214631793
@AvalonResists,1,2.0,0,0,0,medium,1,-0.6928367695258384,-0.7516248214631793
@paired_life,1,3.0,0,0,0,medium,1,-0.6671100974747188,-0.6975496253361674
@patel_patriot,1,2.0,0,0,0,medium,1,-0.6928367695258384,-0.7516248214631793
@AnnaEconomist,1,2.0,0,0,0,medium,1,-0.6928367695258384,-0.7516248214631793
@razzli_,1,2.0,0,0,0,medium,1,-0.6928367695258384,-0.7516248214631793
@rektcapital,1,1.6666666666666667,0,0,0,medium,1,-0.7014123268762116,-0.7696498868388499
@rexfem,1,2.0,0,0,0,medium,1,-0.6928367695258384,-0.7516248214631793
@ry_anom,1,2.0,0,0,0,medium,1,-0.6928367695258384,-0.7516248214631793
@sachikoko,1,2.0,0,0,0,medium,1,-0.6928367695258384,-0.7516248214631793
@Aliuyuklu11,1,3.0,0,0,0,medium,1,-0.6671100974747188,-0.6975496253361674
@AlexaDaGOAT,1,2.0,0,0,0,medium,1,-0.6928367695258384,-0.7516248214631793
@Alevskey,1,2.25,-1,0,0,medium,1,-0.6900926721562934,-0.7361775037896092
@shesrideordie,1,1.3333333333333333,0,0,0,medium,1,-0.7099878842265848,-0.7876749522145207
@silverex331,1,2.0,0,0,0,medium,1,-0.6928367695258384,-0.7516248214631793
@skydlimit21,1,2.0,0,0,0,medium,1,-0.6928367695258384,-0.7516248214631793
@synd3k,1,3.0,0,0,0,medium,1,-0.6671100974747188,-0.6975496253361674
@Act4pal1,1,4.615384615384615,0,0,0,medium,1,-0.625551627238295,-0.6101973854386865
@technohero50610,1,2.0,0,0,0,medium,1,-0.6928367695258384,-0.7516248214631793
@AbrahymMah76394,1,2.0,0,0,0,medium,1,-0.6928367695258384,-0.7516248214631793
@AayanshRay82508,1,2.0,0,0,0,medium,1,-0.6928367695258384,-0.7516248214631793
@theotokiti,1,2.0,0,0,0,medium,1,-0.6928367695258384,-0.7516248214631793
@themaxburns,1,2.0,0,0,0,medium,1,-0.6928367695258384,-0.7516248214631793
@AJIunit,1,2.0,0,0,0,medium,1,-0.6928367695258384,-0.7516248214631793
@timothy_curtis_,1,2.0,-13,-37,0,medium,1,-0.8226438031365487,-0.682879374919419
@tksshawa,1,2.0,0,0,0,medium,1,-0.6928367695258384,-0.7516248214631793
@tribelaw,1,2.0,0,0,0,medium,1,-0.6928367695258384,-0.7516248214631793
@uhd2020,1,2.0,0,0,0,medium,1,-0.6928367695258384,-0.7516248214631793
@utdcynical,1,2.0,0,0,0,medium,1,-0.6928367695258384,-0.7516248214631793
@vancouverdlc,1,2.0,0,0,0,medium,1,-0.6928367695258384,-0.7516248214631793
@virgotweet,1,2.0,0,0,0,medium,1,-0.6928367695258384,-0.7516248214631793
@wadi_omar1,1,2.0,0,0,0,medium,1,-0.6928367695258384,-0.7516248214631793
@4_thegolden1,1,2.25,0,-4,0,medium,1,-0.6952557626210214,-0.7333844327881681
@whatRanjuSaid,1,2.0,0,0,0,medium,1,-0.6928367695258384,-0.7516248214631793
@were_first,1,3.0,16,86,0,medium,1,-0.417819753361759,-0.8299201009352922
@2Russophobic4u,1,1.5,0,0,0,medium,1,-0.7057001055513982,-0.7786624195266852
@writer5230,1,1.5,0,0,0,medium,1,-0.7057001055513982,-0.7786624195266852
@workout4d,1,1.2,0,0,0,medium,1,-0.713418107166734,-0.7948849783647889
@yarotrof,1,2.0,0,0,0,medium,1,-0.6928367695258384,-0.7516248214631793
@0bjectiv3P0V,1,2.0,0,0,0,medium,1,-0.6928367695258384,-0.7516248214631793
